매출채권회전기간,차입금비율,OCF,target
99.57112219991672,75.61508870959425,73877.0,0
126.75705617394968,138.35863975346385,28381.0,0
133.9836062974928,180.5146030182663,48078.0,0
135.4781088967064,159.40044950542597,152722.0,0
130.3201166670978,87.07990535714808,248312.0,0
141.3142784425764,71.71641823790364,183124.0,0
277.9241024759946,137.0961273459414,-23782.0,0
158.59455007343308,31.93283117960058,13384.0,0
159.30353600425383,8.411185555660406,12246.0,0
162.38451622833176,180.5146030182663,3337.0,0
107.62936323794791,43.25919760792837,-856.0,0
93.89095863948394,39.486199514360834,5950.0,0
98.5318063513098,11.359616320619203,24749.0,0
102.9260167897949,7.509329376077516,24631.0,1
201.82272982914816,17.11534512264689,34444.0,0
219.1771194500401,10.319985691527638,35246.0,1
300.072754304142,0.0,26635.0,0
311.38935796085696,0.0,20129.0,0
314.6012006861064,0.0,35018.0,0
314.6012006861064,0.0,-5579.0,0
191.4809138576779,4.757580102926884,57311.0,0
194.74478992215015,5.467397670924391,94174.0,0
186.92161687736527,2.03386180801318,95279.0,0
175.75141978252014,0.470034637917043,120263.0,0
191.7079599401704,0.4500641129066499,143866.0,0
192.06382712087373,0.4291469782326385,104209.0,0
69.12124727063159,132.5259733751748,250636.0,1
111.41179486054293,83.2357665299404,-4610.0,0
103.97879133363816,105.00636732154489,-23782.0,1
47.68412250516173,0.0,424407.0,0
47.68412250516173,0.0,574982.0,0
242.1193101043427,0.0,-7389.0,0
68.22872901165722,28.12427217788892,18563.0,0
104.46567149545312,37.42967565187613,15996.0,0
101.89864622773976,37.629389080576416,15815.0,0
119.96464536278062,10.22398204739434,150571.0,0
111.84960247666648,8.691084149889422,69234.0,0
111.64960917136338,10.36379889077473,20818.0,1
94.89730862265866,63.96076068464196,17789.0,0
88.31845675278664,55.21613226090796,51154.0,0
94.3349663866568,28.537570888833645,23819.0,0
88.61783752949991,55.32111627822787,39921.0,0
86.56644014359709,47.16265373034656,67981.0,1
197.8752067452429,20.370998516005937,25805.0,0
190.50527206605523,33.48553337638366,20802.0,0
173.2213352351155,38.311619866767856,1047.0,0
163.5607058203845,35.99089987338516,18369.0,0
165.33211229499477,38.74903666873835,5445.0,0
168.45632908168835,34.47595454479988,19014.0,0
158.36585136968188,44.28022606045212,3436.0,0
169.4752360992083,29.73886152788913,3129.0,0
162.28358709388996,19.0142208154482,18501.0,0
139.86018255038843,26.444416852909526,6647.0,0
47.68412250516173,30.250208971858456,50218.0,0
47.68412250516173,0.0,52123.0,0
83.83168202181324,180.5146030182663,4976.0,0
94.692183022502,117.72561327099211,3908.0,1
180.3593993935084,89.89139762672743,-3614.0,1
150.23271253957986,33.49376812730266,7352.0,1
191.9988202270046,139.78437959730363,3603.0,0
197.3335709014765,155.74735895706905,34151.0,0
218.05215829332388,105.53693897039672,-22124.0,0
189.6717174527567,32.9880776604888,14172.0,0
293.99958231201293,180.5146030182663,3106.0,0
177.12560877837473,180.5146030182663,-10254.0,0
131.79144276835427,64.7001148555901,12949.0,0
222.642554959583,43.09832699951951,7870.0,0
144.8535518681357,32.93574256420668,8151.0,0
127.25969149053132,28.875154400566032,145729.0,0
127.64892369417656,31.65829275705316,139624.0,0
151.79929713689486,39.8338831076525,128929.0,0
206.02028216122665,149.2980940113805,-3856.0,0
183.911437861333,113.34924041339582,15755.0,0
185.43620877076293,83.74719897562537,13620.0,1
258.5479270802705,119.6462081217004,-5725.0,0
185.5869553317276,94.36081089723092,16383.0,1
98.4311769134782,14.292070372473905,23727.0,0
99.20093920827678,13.287811851299873,31030.0,0
103.88290036290466,10.050159749697883,39609.0,0
117.51683390021172,180.5146030182663,77749.0,0
72.30565387890383,0.0,-17409.0,0
47.68412250516173,-0.0,-5803.0,0
209.14809782295256,37.38602614407422,15755.0,0
216.52963671128103,49.61742201294879,26738.0,0
224.01333703024173,33.51954277286136,28906.0,0
220.40029356740772,26.477099264253727,44455.0,0
195.41576141165373,26.49700698926529,33337.0,0
168.9769224858487,62.606869777495774,14399.0,0
184.9855764683628,40.76943528528939,47946.0,0
195.5180478689425,43.44105383296729,51268.0,0
212.2340416192989,32.8855983811725,35788.0,0
215.54200282839523,23.709272619241748,54494.0,0
185.0383831495316,20.44116144694305,30676.0,0
189.65639828518857,13.299134813531868,45244.0,0
202.1174789349616,28.19331964178286,57879.0,0
180.8517201905112,21.59149311597056,54543.0,0
179.9123426462008,25.852564558555702,7036.0,0
69.63585007383793,6.911211171633185,29027.0,0
69.76514280538528,6.221446547805624,162221.0,0
71.37699753588058,6.074067589201744,98666.0,0
79.0334906064093,3.701269568485762,103438.0,0
258.7088997170601,12.1791163340903,29031.0,0
216.84711975306564,9.392686411341282,-5750.0,0
169.34680864795095,16.85506347668784,34813.0,0
148.9876765703815,5.058254429027826,58773.0,0
314.6012006861064,47.21840323566647,214878.0,0
70.10147281062319,3.885485504799576,58245.0,0
71.09653375131911,4.427365682618587,110814.0,0
70.47224316118422,5.5598382093166965,28972.0,0
59.19117864064298,4.395188026901582,52286.0,0
53.74554810001499,4.259826160951242,85753.0,0
115.25655926604918,0.0508764626983025,99164.0,0
114.54986080683264,0.0,96841.0,0
111.89161608632378,55.77256944444444,21358.0,0
104.0353370747209,58.64362820382312,34317.0,0
203.1157911334372,93.78782874276668,15423.0,0
169.41605427953553,101.62446316024318,348.0,0
193.3073871186963,180.5146030182663,6530.0,0
127.96918905094282,162.9246128831279,40585.0,0
71.6859556251652,180.5146030182663,-23782.0,0
83.02076625790977,135.2336048006858,19716.0,0
177.80074955530824,180.5146030182663,10824.0,0
116.74334811529934,180.5146030182663,7046.0,1
126.33009218414384,12.855810626093843,27615.0,0
120.4971498019942,31.419579987778214,147774.0,0
104.40527403013988,0.7390315763333998,45024.0,0
130.4298208801977,46.73138707629165,103938.0,0
108.04979080739444,97.1362032319411,46182.0,0
114.36938351103883,40.10018552875696,75406.0,1
124.30633315157426,125.71899499186443,31548.0,0
105.27350773442764,180.5146030182663,27739.0,1
56.2211598491372,180.5146030182663,735477.0,0
56.34692744559153,161.87106622733342,735477.0,0
56.08081161072329,180.5146030182663,735477.0,0
57.29211757192461,106.8796155315952,735477.0,0
56.37158384101812,120.960866433697,735477.0,0
56.95032570966549,101.7708391371818,735477.0,0
86.83145682815613,31.05137591287403,2753.0,0
81.47890172630996,23.625136462882097,10569.0,0
81.02556277728404,0.0,10013.0,0
148.3519386620054,180.5146030182663,5311.0,0
120.46018380026462,179.94399094321636,15894.0,0
220.82222313607764,180.5146030182663,7541.0,0
166.1186525678731,180.5146030182663,2886.0,1
232.76276600669743,20.87094534272394,31721.0,0
217.30427992168995,25.54198641953276,37610.0,0
181.23422977924855,3.93519913237332,42594.0,0
140.58014222111595,19.717014364554387,49616.0,0
176.68789808917197,36.71022290545734,5364.0,0
174.60899523624346,35.61012189673878,3907.0,0
166.2610153630196,29.90471690684306,5691.0,0
136.77442257660914,38.16075418566925,4782.0,0
314.6012006861064,134.89780781275752,14381.0,0
173.67600542250338,0.0,4368.0,1
150.5540481200688,180.5146030182663,30423.0,1
83.71658083667643,0.0,1608.0,0
81.50352435005492,0.0,18512.0,0
85.74693140479285,0.0,9086.0,0
100.25821420552354,0.0,9310.0,0
82.11193825296618,0.0,107516.0,0
87.27775939586213,0.0,106473.0,0
81.98071832295913,0.0,111446.0,0
115.56449399448634,53.5863512851352,61456.0,1
263.894717896052,16.297865016350997,34932.0,0
244.6142697298252,17.655511912569917,29988.0,0
256.1312639672101,29.791169882216924,16252.0,0
257.1766225729095,30.823797095630063,51552.0,1
207.77576470574476,180.5146030182663,-3178.0,1
314.6012006861064,0.0,17081.0,0
47.68412250516173,37.5491668454552,14327.0,0
47.68412250516173,56.469688143904165,18399.0,0
47.68412250516173,52.71706647282126,20290.0,0
47.68412250516173,53.99769166310929,14760.0,1
69.77296864626132,75.41251593854449,74635.0,0
69.22184598056059,51.35696489453374,121225.0,0
67.19367726565669,38.02578550521163,100659.0,0
59.842577108549854,14.67654414361704,104592.0,0
141.14124044296244,38.02415483822627,282781.0,0
202.05774869336577,120.54811200784152,646790.0,0
207.5747577631916,132.59645588754952,-17770.0,0
229.86537984715207,111.66746700168513,735477.0,0
202.761850942312,124.92342259757388,677022.0,0
219.10508637236083,27.99388650594093,11548.0,1
71.23171786561578,98.77757139540284,30580.0,0
137.68516873474653,35.04931208760354,24674.0,0
87.3369212280453,22.377694062171653,14730.0,0
88.98714969241284,34.0426825032993,11492.0,0
55.23957388641352,16.141862032806532,6161.0,0
124.1212358892386,149.1232413252465,45465.0,0
115.69069197673493,160.5960147076266,20456.0,0
115.76686047630966,160.36319309158435,38200.0,0
214.4440427950041,80.72365622615776,37224.0,0
151.20284860035213,12.330894798646622,63111.0,0
122.4707183950435,19.79151174498652,82674.0,1
105.26082779282724,142.27920857742896,13141.0,0
91.07817869415808,106.95106132790244,-15637.0,0
84.0702104565355,109.04145400224076,16990.0,0
94.0470824214314,73.59103526267091,4676.0,0
78.38425889560915,102.54212757159102,12258.0,0
135.963584049223,86.76199989485306,-8870.0,0
119.01242468814527,54.42008285881841,2567.0,0
122.40124349900286,93.58075501247428,-10838.0,0
117.20578980490876,143.8876427406199,-7883.0,1
81.33863218771648,5.045354956283147,8258.0,0
88.51031471627793,0.9180376028202116,14012.0,0
87.11210902448404,0.8312413758707252,12897.0,0
80.11923786615705,0.7286080671485196,6428.0,0
123.11137142857145,169.26041838247406,15719.0,0
127.88827139515824,117.73137343690132,8510.0,0
125.2265460473382,85.26145657716904,4528.0,0
123.90954619714492,86.814718453819,7578.0,0
122.28181435150884,94.09064982955071,11710.0,0
191.9744139783468,1.1432674676548655,26705.0,0
162.45727872867388,0.2906690183060204,10074.0,0
87.07082143600022,0.0,18932.0,1
102.13294976650582,51.09532509529008,-1885.0,0
107.9718553303266,37.99476412559164,8760.0,0
92.88238935314143,32.5380168018313,17769.0,0
83.11624635921527,26.282047769601263,23684.0,0
80.4804939638642,25.146755684922983,11582.0,0
119.01270827602204,49.75990660587238,12149.0,0
124.33090525413016,38.632077448556224,6308.0,0
114.8948258190686,34.72057720935792,19408.0,0
146.12470490970486,22.670794834913902,22011.0,0
144.27353197206818,20.6852152493982,21186.0,0
223.94808151897783,40.31789950843317,16533.0,0
178.06349198400557,22.799561826076623,33985.0,0
179.46129408002395,15.925499547734562,25143.0,0
171.62598826167564,17.449423451660078,40778.0,0
176.59130650322234,17.207704164644763,38577.0,0
183.72914441146187,12.920314561310327,16905.0,0
138.96127881798498,6.7443731990342926,3795.0,0
129.08956388825655,9.464727013324502,1992.0,0
148.90430360189268,5.991002249437641,3184.0,0
120.56274328600634,3.934594961285645,5452.0,0
238.9578947368421,35.75068761874713,18379.0,0
225.00967064797925,19.80560070008751,28527.0,0
237.2723028792101,12.422894409492754,9363.0,0
121.53167375326716,75.36594465292865,-10764.0,0
122.81295193534665,0.5820552370419954,675.0,0
167.03184160463957,0.844451950684006,-12517.0,0
122.83918335655072,0.8797395970792645,-2958.0,0
79.4168156872418,2.345215759849906,-10926.0,0
107.87141881968434,37.39359715903462,-7439.0,0
111.09449912556352,20.15238396730724,-11103.0,0
141.44337616437537,6.4330471747591575,-7515.0,0
114.5230487481626,7.2798082684242065,-2932.0,0
84.41175240387967,8.758334515534118,-3915.0,0
314.6012006861064,1.539969919254244,51239.0,0
314.6012006861064,9.001527355932007,40156.0,0
58.1060298821122,20.440200631172228,29619.0,0
60.29484951959178,12.988095443388689,38274.0,0
47.68412250516173,51.16621666896592,235672.0,0
68.49762317334432,84.98910431915964,4845.0,0
65.67063426461674,87.09256104486087,9567.0,0
63.01095602139699,76.84722703580627,10107.0,0
67.97945571810604,80.45470506295412,60542.0,0
72.76719878392488,54.5308735663418,51836.0,1
73.77427547057066,108.91654282579408,4725.0,0
72.23468106206174,98.13469435254608,10741.0,0
65.71879709406025,119.86497203439352,4791.0,0
61.4840404660764,93.95783447059036,20791.0,0
63.73615290195994,72.79043203655176,21316.0,0
58.584437472255445,59.72837231418468,21864.0,0
134.3413481841216,0.0,4462.0,0
84.2715569938871,18.9455400681828,10458.0,0
89.27555949509734,30.575610525900498,12864.0,0
314.6012006861064,0.0,-1987.0,0
84.87467817142269,32.52099500372063,83166.0,0
92.11358830654268,16.904744015507838,12648.0,0
62.639635440678056,19.733236667541988,47275.0,0
124.56901249496173,93.24324944156244,52322.0,0
128.30279810460655,67.85490499247264,54107.0,0
71.44090202844805,38.29066906835752,128059.0,0
77.24196232406887,43.77344668087686,89878.0,0
81.03596420451964,37.75645293067449,217053.0,0
72.24951645346253,27.52891824854406,-23219.0,0
147.62260347163826,0.5247351204099633,23514.0,0
139.12591020845625,2.743211219056803,29748.0,0
144.89990715008184,0.9207358421311302,30481.0,0
166.58473879062117,90.89924160346696,10431.0,0
127.89271220565124,57.74139401777608,-1976.0,0
94.7701620440265,51.07755643971967,-14717.0,1
206.61209171728737,55.66852150397836,18907.0,0
193.414364148178,25.910793129753344,11374.0,0
202.32932929883705,12.558137198766437,50796.0,1
119.87238993219252,26.846935715458,381001.0,0
124.0729842808037,80.91947598719396,194007.0,0
116.12007198880669,84.93473906631743,329879.0,0
111.95751234105936,74.51018427279217,100259.0,0
117.61942941001551,62.83262338032688,225946.0,1
144.8747826242896,66.39441259722652,140869.0,0
138.89086222031267,67.46032837065651,-6553.0,0
155.6854046145123,62.48114852707158,53033.0,0
150.25767982446118,52.4812110051489,45689.0,0
194.0688274277341,46.96480621426388,14131.0,0
175.88149119751526,60.4172418431131,31568.0,0
170.45324045022073,57.468830260019566,24801.0,0
101.647949030153,115.5019666246611,12941.0,0
113.22856925534342,110.65511700496832,15901.0,0
132.86881988235916,97.77076213095444,15379.0,0
147.50161241882518,110.15477118360984,-12883.0,0
140.19468581614672,103.52614084044647,21784.0,0
105.55840829434877,31.38282805312524,245178.0,0
90.25260554567453,40.39111724230048,353713.0,0
87.61173124475306,35.35444115311648,221906.0,1
93.57040897439546,33.02813755021339,255231.0,0
116.18278353344824,53.51246090403809,124478.0,0
124.19890003176886,40.23975733210848,141824.0,0
143.75366731488216,33.16171407383865,292988.0,0
177.36418283272786,36.08326812773641,119570.0,1
180.5325474115838,69.4216709338115,16383.0,0
179.21840575235365,54.79937557106157,54902.0,0
199.3660293226208,29.500085250305336,70058.0,0
204.18404633714945,35.25538328745088,62964.0,0
141.18686422547088,49.83464190281398,246487.0,0
139.75482519891267,42.48090102199334,294600.0,0
124.89103310556142,43.91388320510134,500861.0,0
124.36669580820424,37.62427974771463,382509.0,0
114.95629709382868,36.41238616143245,263458.0,1
63.12231891163131,0.0,2452.0,0
72.24947583802764,0.0,1176.0,0
146.88418576502517,0.0,91677.0,1
101.62454509276937,12.566419602666937,11735.0,0
67.22249774320453,31.629719853836782,41571.0,0
47.68412250516173,27.02946008597214,34080.0,0
47.68412250516173,18.224604595601928,49257.0,0
47.68412250516173,13.800268853064615,31423.0,0
47.68412250516173,27.27188945572164,28608.0,0
47.68412250516173,87.07612271054177,16305.0,0
75.49744396382225,138.58141447368422,47235.0,0
184.99829395788123,16.410488785013296,779.0,0
65.78566657028625,96.73184739504993,-6260.0,0
73.13130972456436,74.43222343181051,1255.0,1
69.00616256489519,93.511145721795,-1689.0,0
314.6012006861064,26.783746499663007,230113.0,0
314.6012006861064,22.694770956043108,485981.0,0
100.88805743607747,180.5146030182663,-2683.0,0
190.46906452214728,18.07770823518855,16363.0,0
178.69509174828326,4.452576336923296,14817.0,0
135.1605214371892,2.545261722596773,6616.0,0
151.93605577986023,35.028805792429914,1424.0,0
167.37698857953012,24.325561659743624,4878.0,0
47.68412250516173,0.0,4845.0,0
120.05788783331944,3.384070719101369,39754.0,0
137.83033702028357,3.970198820827177,-5505.0,0
128.42030302552416,1.6366314422970616,75854.0,0
94.02963986985104,0.971318471642712,58345.0,0
206.90568824699272,3.4091296492005587,13892.0,0
219.64943068044957,24.47669935000551,22636.0,0
314.6012006861064,28.75873496145811,312.0,0
124.96298485977944,180.5146030182663,-2517.0,0
161.77032768011634,13.820438485232833,-1675.0,0
52.94103415028726,63.51604427157612,378701.0,0
55.43847175392992,42.80836751916389,278606.0,0
61.33867814773716,31.360433635184847,357355.0,0
113.76129150645168,0.0,20324.0,0
107.60355538757976,0.0,25452.0,0
116.02701858503823,0.0,16472.0,0
107.66598903447507,0.0,26639.0,0
81.588226883539,54.13302069749557,53510.0,0
79.53139548764473,70.15744541691409,47855.0,0
58.23514774278961,0.0,51675.0,0
53.47169761319339,10.22268491481096,83585.0,0
97.1750398756899,61.39250493096648,23141.0,0
82.33767259431403,82.02866534046123,29504.0,0
83.56685196295324,71.57451557829482,21776.0,0
86.3842820554091,84.01794899081267,1288.0,0
104.32762848624832,97.75372124492556,122.0,0
314.6012006861064,0.0,-11314.0,0
314.6012006861064,0.0,-3804.0,0
314.6012006861064,92.71970012494792,7572.0,0
274.3980531410828,94.37871299485798,7416.0,0
314.6012006861064,71.35679720760506,4111.0,0
314.6012006861064,56.2092498160692,6148.0,0
314.6012006861064,47.51187729062033,1929.0,0
116.29063584937728,35.95362810044677,4187.0,0
111.52222580125624,20.4947678063365,10860.0,0
118.2485305587495,28.101271801896484,8174.0,0
123.66319430113828,24.64598747206688,2547.0,0
92.59958564528884,43.048834139903214,825.0,0
125.40768592431576,59.29761188039334,-1757.0,0
147.52606280611826,8.307885933825721,2694.0,0
47.68412250516173,2.884932410154962,-1591.0,1
183.3313236870311,24.19189327860441,-1100.0,0
314.6012006861064,0.0,-19.0,0
47.68412250516173,2.8401510688172547,539847.0,0
47.68412250516173,3.7248140332375024,589747.0,0
47.68412250516173,1.9037792841120469,735477.0,0
131.74152596984146,0.0,-8223.0,1
181.77170452133305,4.7813213232372735,53175.0,0
159.71205686697928,2.4857425670644218,171966.0,0
184.2978375907793,2.293131753426035,122424.0,0
68.76411124223463,0.0,3598.0,1
263.1885204068071,140.14259054061935,52770.0,0
237.6728188402573,150.24461946863826,53889.0,0
205.70428232604127,89.06641985532309,65150.0,0
151.64046729373362,100.5298956026574,-6653.0,0
130.1280162560325,30.345842531272996,-772.0,0
118.26193867899562,22.403664243751862,6265.0,0
121.45357775312822,17.366279646720255,21667.0,0
174.7603443888954,12.736399412587266,-1626.0,0
208.0239192990397,30.177693466337,81680.0,0
175.48371986322786,18.44812355740461,44182.0,0
107.21239665796804,171.6500113558937,-1109.0,0
115.80165808043638,180.5146030182663,1421.0,0
110.52031651966188,180.5146030182663,640.0,1
108.69337016574585,98.82770488277048,-3494.0,0
166.7133017279879,96.32540960318212,1562.0,0
61.3876608655884,0.0,273181.0,0
56.4633294306753,0.0,294206.0,0
67.90354756772585,0.0,317902.0,0
177.50457804566832,6.485859434377375,19254.0,0
204.83917447392943,0.0,8388.0,0
184.1782307265668,0.0,25653.0,0
180.55779534521412,4.48334956791699,20964.0,1
78.90147133337794,12.491529033632156,-6440.0,0
78.98820837164486,18.51586062920604,-3906.0,0
79.64237939511067,19.06136042455208,13683.0,0
95.65829441503432,41.174213353798926,8106.0,0
82.91722335804525,13.517632211824656,10613.0,0
81.30646333628762,91.47831585818612,70148.0,0
80.57280061536906,55.13036710338566,42435.0,0
101.33856917729906,113.50769768083777,15083.0,0
67.03205647416063,61.00191412164671,63082.0,0
113.6053775362904,138.32215476790117,12343.0,0
117.75159657551852,114.47178785039996,-1886.0,0
121.66072502791386,129.5604991861096,8062.0,0
271.62106948757764,180.5146030182663,-6401.0,0
308.7155549748481,180.5146030182663,20422.0,0
285.7852787720682,113.03629293583928,1173.0,0
270.8146108395944,101.41008579437664,2730.0,1
277.3660421353581,0.0,24572.0,0
184.30364746683944,104.4233393524198,20432.0,0
157.54702419109955,99.4450185631722,30479.0,0
191.8775654868861,98.413782083872,25758.0,0
199.531623818023,105.0091407678245,22687.0,0
200.20415176519947,62.84780522907172,23963.0,0
186.39242572641203,89.82546318135238,25066.0,0
189.43140394088672,29.94713992714756,5885.0,0
184.19536912710905,40.74079630351945,12628.0,0
248.8379318057052,122.55346896191968,13053.0,0
182.0869657115499,136.1070558648093,409172.0,0
204.3907127068889,125.65301106755956,464096.0,0
153.51355005772143,135.28982132638225,363721.0,0
200.76029199439964,88.62776733083525,237436.0,0
159.39737520264595,121.82740593461487,498326.0,0
203.0231180505197,92.49304351085053,735477.0,0
128.31340649031637,75.19894591280298,10876.0,0
127.56710393127506,72.38913776489262,-23782.0,0
108.96495568993556,17.500333145487442,18745.0,0
65.8287162467572,20.06301356205676,102548.0,0
70.87296355941724,15.944937198750685,119459.0,0
61.07297389324196,14.46464717120536,172142.0,0
64.49624172432674,14.46334090919484,179479.0,0
81.00850073508249,84.630128076942,348366.0,0
80.03752639792965,78.32528099100577,180614.0,0
92.52875788739718,90.7932498580856,230322.0,0
90.76505484394104,90.01883495614358,456438.0,0
136.10058687772556,85.56563915182137,161756.0,0
147.3750989042586,75.97195536841117,152222.0,0
138.48651003081116,65.21074411832323,145560.0,0
185.49222526857932,11.99220573352878,735477.0,0
166.32761835057573,10.376280917162587,735477.0,0
182.531731822048,123.46847966391137,18488.0,0
66.45116324318315,56.72831712908904,465791.0,0
59.19605396798944,36.45380441847965,637805.0,0
113.69026986704972,60.93779784548418,735477.0,0
117.312920959703,47.3070442000036,735477.0,0
113.165905496304,81.96973160929889,735477.0,0
110.31302018287732,82.05245044518293,735477.0,0
111.53837769099664,91.00792472231876,735477.0,0
124.23724996180523,88.18236627984527,735477.0,0
155.34119361109677,53.58542575156747,368235.0,0
152.98770709635804,46.70725336340266,275776.0,0
161.94968654949403,91.01139139221118,368723.0,0
147.5654101500587,51.77171616071772,281258.0,0
126.45808211470518,16.23821335570712,735477.0,0
122.37049579337584,17.655711189709148,735477.0,0
103.99073856751488,21.519399075293148,735477.0,0
229.40573746433896,97.19898675122556,-3329.0,0
121.5158330392856,30.24019535451265,159143.0,0
97.1510972963952,9.643375779189348,194702.0,0
123.4995648017656,24.89209337988542,129249.0,0
126.63526242906605,7.538908364934762,210410.0,0
121.5324375641048,23.35420989814905,191078.0,0
90.48870174745852,4.813242487214819,79355.0,0
87.94109314008695,7.40856657128721,214717.0,0
167.61130012201264,30.633493319657003,54594.0,0
163.55210179583045,25.2791171755677,36807.0,0
153.87302385571394,32.787451227682965,58074.0,0
50.46395474995299,15.17856781530119,118360.0,0
132.97411460387642,35.361682576956454,-4653.0,1
167.45152546713763,69.93912397921306,1603.0,0
177.242242182461,78.68900171393462,2169.0,0
312.580676834457,0.0,4037.0,0
314.6012006861064,0.0,-1827.0,0
169.81275794147075,111.5055647155812,14899.0,0
153.27530007146294,137.71351034959824,3138.0,0
173.12028613638134,163.91204326133072,2048.0,0
142.47923055478117,133.73302207130732,3058.0,0
314.6012006861064,32.05109448544806,-18994.0,0
120.98370787590711,20.21666947378552,5193.0,0
122.84550117530976,19.9932361431522,10845.0,0
121.15788304630468,29.168768920282545,13253.0,0
116.5139315516794,27.06735859814063,10306.0,0
289.9553360296927,41.84163364627349,18814.0,0
314.6012006861064,12.89657527051161,41746.0,0
217.52699233644157,29.2371723292442,-1548.0,0
213.1509958172622,23.547571445372224,13081.0,0
204.898196748599,18.124851384051585,77932.0,0
276.65868224041355,14.589827842839892,16315.0,0
260.91182160787525,22.722355147337822,46700.0,0
261.4672743790636,63.53519904280092,32024.0,0
313.4129437354617,0.0,80314.0,0
180.82907795511196,21.453844528939587,59857.0,0
181.8881707782197,39.132399136241226,65625.0,0
115.15532710690412,69.73471277700345,43275.0,0
104.0551522717465,44.63047639829794,53087.0,0
192.84793814432996,16.013672601098765,6689.0,0
181.0011250703169,8.858142337804866,-284.0,0
157.72365153006234,13.401265450264862,4342.0,0
114.49926362297498,27.28477818784364,5122.0,0
181.70034231921267,0.0,5021.0,0
171.17909259750596,0.0,8664.0,0
173.6042141953755,0.0,15881.0,0
167.34475449629593,0.0,11957.0,0
164.52944544839332,0.0,5264.0,0
154.28957579381856,82.03710026175031,11053.0,0
139.3091474662712,71.21905758477486,4831.0,0
131.36580925633177,68.90909950664376,16927.0,0
134.52940224562454,73.6864249474075,8170.0,0
161.58744044101147,51.00564016248846,52515.0,1
186.8735733410656,51.40590592818192,98721.0,0
157.25630605024477,7.727850914162235,11108.0,1
148.00450342738722,5.218024682429396,13865.0,0
157.68561931420575,4.906106024377442,6213.0,0
119.83188014245364,36.49837141749606,30956.0,1
135.33362329782636,7.378643798733132,126125.0,0
153.6107540237665,10.931565904658564,126235.0,0
155.6449440393214,3.631194402424271,79778.0,0
314.6012006861064,0.0,114302.0,0
314.6012006861064,0.0,109184.0,0
314.6012006861064,0.0014586168519839,115512.0,0
47.68412250516173,43.23889424478429,700958.0,0
47.68412250516173,39.35720121207633,735477.0,0
152.77544532559304,81.21018786783634,48834.0,0
169.8843019535514,94.25957267376374,6674.0,0
155.96881307454635,47.75843365995056,29160.0,0
148.5031852597765,100.06799993025648,82450.0,0
141.24442557888676,79.6886669289139,56542.0,0
119.46847712435245,83.8115724502163,-7936.0,0
117.65590277811282,125.68733247122591,-23782.0,0
132.9532675134903,94.765103791348,10201.0,0
64.63707914298207,136.72971757297412,-1056.0,0
301.1799974886991,40.75983630329005,-4107.0,0
47.68412250516173,33.62181580666231,860.0,0
47.68412250516173,28.68236472945892,-2032.0,0
112.81200034735596,118.63816610154592,28158.0,0
76.16189899970655,101.98144321958856,42206.0,0
102.12874248946233,118.82243575896292,186210.0,0
74.17861958177345,112.5235501268698,47467.0,0
85.34412032816773,89.16416115453998,-2459.0,0
73.16689529035209,60.2833044982699,-5446.0,0
78.28477410174315,51.46584167034969,-4868.0,0
81.50887136520453,38.67379744328138,7834.0,0
84.12171772428884,35.76133048630116,1935.0,0
111.0015554626921,37.68804765444248,19653.0,0
100.533836778727,30.980615584381173,3535.0,0
102.39613534308307,31.520106380359035,6245.0,0
106.91327228339598,33.002200146676444,6414.0,0
296.97531471282457,5.788775961113566,370.0,1
196.19044229110307,55.35233061529635,-778.0,0
182.1490834508396,20.540011345545043,15032.0,0
172.57110279740454,19.61244361022535,9899.0,0
112.8319071020625,23.125147859001657,-809.0,0
135.70442058571498,23.349052101032857,-1328.0,0
138.99512485136742,24.310732104876063,-567.0,0
157.73753074523924,22.21297836938436,2644.0,0
243.04729763890992,13.869451322352605,2443.0,0
203.10863443774835,9.352312149064767,1202.0,0
108.18957089228502,5.309321519213926,-409.0,0
258.3049543402843,1.9624267081488571,-23782.0,0
249.7787504400491,2.4436901395750272,101352.0,0
247.6567853949508,2.08238452910988,55910.0,0
290.57964439186327,0.393039145154162,91241.0,0
244.2383620133722,3.2707349376514983,102393.0,0
47.68412250516173,0.0,60334.0,0
47.68412250516173,7.477346944779501,110179.0,0
145.24801115115253,84.68439704990263,-192.0,0
153.19139043868287,140.00210963046305,471.0,0
106.23724095267556,180.5146030182663,-4762.0,0
141.37143858010276,55.75758881444298,6487.0,0
144.92092653109606,69.93431025770592,8087.0,0
78.59399579334358,27.035254008691744,3574.0,0
86.34759175808185,13.0848313223344,15503.0,0
80.28181937344344,32.42464676098156,7135.0,0
73.99208714782485,11.27112475161817,-871.0,0
176.76784872275297,15.486926443422307,81673.0,0
212.7602435809368,31.53601368256077,7272.0,0
202.20611788024385,8.121985143973246,15500.0,0
257.30959915611817,21.370633200963372,22900.0,0
203.91831939092023,8.375394969018014,11223.0,0
210.72574069040505,6.677867102122849,14339.0,0
212.8266630799733,12.144598543681482,10924.0,0
47.68412250516173,0.0,1078.0,0
47.68412250516173,0.0,-1924.0,0
47.68412250516173,0.0,256.0,0
49.66206572556988,99.13444948117106,652985.0,0
52.431840903564,80.89307831909841,735477.0,0
55.78586802958053,44.42908547649525,735477.0,0
115.1618153307902,155.4810704155876,-1432.0,0
47.68412250516173,25.693852663280342,434504.0,0
47.68412250516173,37.040812724240205,294434.0,0
47.68412250516173,46.08052341465879,221466.0,0
47.68412250516173,23.79508130915319,368415.0,0
47.68412250516173,20.87196825863729,442234.0,0
314.6012006861064,7.88666212089769,17886.0,0
314.6012006861064,10.417248919065546,6981.0,0
314.6012006861064,3.0005226058914256,51505.0,0
314.6012006861064,3.0595235246731907,6661.0,0
314.6012006861064,3.1914238186186923,13554.0,0
155.92611456596208,48.39938853044983,13762.0,0
140.72163984287957,37.75961830224017,10922.0,0
137.651771320725,111.28473750623589,11606.0,0
171.1916455821799,84.015419549031,5097.0,0
120.55692622082664,107.31153295868548,-5629.0,0
129.09988009855314,6.082445502912261,23220.0,1
126.81353817945453,4.417995040736805,25496.0,0
131.7499361248046,6.671678665500832,26068.0,0
47.68412250516173,0.0,32646.0,0
47.68412250516173,0.0,25400.0,0
47.68412250516173,0.0,3353.0,0
47.68412250516173,0.0,5208.0,0
47.68412250516173,0.0,4771.0,0
134.12073490813648,140.40105456579053,3605.0,0
134.13405303829265,92.89025362425816,5434.0,0
156.26329584590533,76.96049573973663,9807.0,0
314.6012006861064,8.034279592929835,1493.0,1
121.47238127167016,0.023080118785678,123271.0,0
89.89291883532161,0.1025019128878109,126244.0,0
159.4022678903964,31.86779417957502,48789.0,0
196.3259906268756,60.21613863566927,-23782.0,0
168.58442412344797,21.881550789267536,-23782.0,0
175.52158440712657,49.95849601869216,-3598.0,0
161.75882173836996,49.47831734695869,-23782.0,0
255.77969756125984,0.0,18959.0,0
176.67162976025793,0.0,26517.0,0
180.4850755155437,18.61744601438569,319042.0,1
47.68412250516173,0.1754222263693197,34000.0,0
154.1200182129848,39.38048848152456,8800.0,0
177.68374716642944,25.782658580560565,8263.0,0
158.495155366039,29.339491265490317,6096.0,0
150.10950742205557,24.42967665145804,8941.0,0
277.64981927261067,44.85657764589515,30956.0,0
242.3080409085544,18.54580080669068,12429.0,0
314.6012006861064,79.41119978805841,6706.0,0
215.84415609410604,86.52360790351553,8394.0,0
275.94067711838204,58.12446323577988,-4576.0,0
219.0403591718458,88.14124951493986,13823.0,0
174.38576042254104,40.06070183359671,735477.0,0
170.4169423659502,58.22709612826144,735477.0,0
163.8563923184764,50.441590276783984,735477.0,0
181.63920228926432,92.95867921122876,735477.0,0
205.62706514853352,66.79279870002017,735477.0,0
194.3312746982972,70.71856701679219,735477.0,0
118.89239522233132,0.602497927553689,140057.0,0
111.78948857489972,12.335340991074975,157763.0,0
144.41333483977573,24.35636186463752,170815.0,0
133.3368655451765,0.0764554740866077,13883.0,1
85.35363923850963,0.1489354775701543,12019.0,0
123.23223689704056,0.1271030976466272,26124.0,0
87.83250731443208,0.1793590360267082,16504.0,0
137.14798243424903,0.080062512810002,9267.0,0
81.24350264013572,0.4712126085558057,16844.0,0
197.2894696092244,2.8271162761952984,735477.0,0
169.40705805220176,2.1884884743689024,594616.0,0
89.50030744041239,8.92389636183082,61607.0,0
81.53414370473749,8.914309295783154,69547.0,0
103.03387700025218,26.47571684650313,88816.0,0
258.06880019420225,55.44001966568338,9686.0,1
314.6012006861064,75.94544033720902,392.0,0
314.6012006861064,70.08289772427267,5873.0,0
148.2681802929696,110.38427994875464,136977.0,0
178.74483355893983,122.47457159989423,225933.0,0
210.53357768966052,160.4674630942238,13424.0,0
192.82367229113572,107.62987788720096,-23782.0,0
126.20229778449296,118.54667468674585,21910.0,0
118.7399951276208,70.62292263263366,54635.0,1
239.7520913590405,2.9160391224663846,1874.0,1
314.6012006861064,111.06502400451848,28721.0,0
314.6012006861064,102.36266760056034,17702.0,0
314.6012006861064,148.18276665380384,7986.0,0
314.6012006861064,165.40065349307608,-18451.0,0
123.01101810215611,143.03052051068974,88261.0,1
117.30002141990146,179.25536429686971,101702.0,0
122.1520068890403,130.02715698731845,99195.0,0
140.5346857589955,22.62132458310668,27340.0,0
159.05682525993004,18.08312461561773,13676.0,0
159.18041098277803,23.517455647073625,14218.0,0
165.56840005909294,19.36955438838736,12230.0,0
197.0774884314552,33.98588026935503,214701.0,1
115.73540055785053,52.62256513164724,13519.0,0
102.27048142689794,30.92319750996808,12207.0,1
122.60696464898476,35.624718087505634,46706.0,0
124.82882060204572,20.157122096084585,62883.0,0
123.79425406715129,17.12037405251678,28008.0,0
130.70571294863026,23.13920311796808,51227.0,0
78.32491545919956,180.5146030182663,4561.0,0
94.24555368066729,180.5146030182663,3080.0,0
82.2518443193047,178.40959806778503,14087.0,0
47.68412250516173,0.0,116023.0,0
47.68412250516173,0.0,37157.0,0
80.84903066135021,0.0,-2050.0,0
164.49055382840746,0.0,-3489.0,0
130.18230383551608,180.5146030182663,5370.0,0
314.6012006861064,1.784195304525349,33996.0,0
150.94858879548175,148.2410733150222,7914.0,0
173.5453550884045,155.60092920894974,9984.0,0
82.3060098967166,80.38984272964737,33214.0,0
105.614852294846,127.08459009470954,63875.0,0
67.47875666810842,0.0,33134.0,1
127.22091686099115,155.10386431721443,524353.0,0
144.94006278161228,124.90865343905622,735477.0,0
111.8055863340808,110.14199593616212,382240.0,0
149.27355546951642,149.97751104932328,735477.0,0
91.4472604624198,7.585489339960054,61640.0,0
314.6012006861064,180.5146030182663,-23782.0,0
314.6012006861064,134.64092542511025,-23782.0,0
314.6012006861064,0.0,881.0,0
314.6012006861064,180.5146030182663,-23782.0,0
71.08680641303924,83.83395943127503,106415.0,0
59.602121431969856,113.2554100154598,111377.0,0
120.62026040444547,106.93098583622908,35292.0,0
127.4337663498337,76.18568811905646,339637.0,1
114.22130675568788,116.3541373778138,150105.0,0
111.03424353598824,101.4525597902429,74893.0,0
98.9497478244963,6.979828296223912,12913.0,0
314.6012006861064,0.0,-147.0,1
101.85683053502794,6.897998830607895,27502.0,0
104.18094054435907,7.405183338441022,66241.0,0
126.87854448474285,8.01227666104607,103655.0,0
103.7474043698006,11.922480406098847,34998.0,0
171.52780286608865,44.95683370738659,13551.0,1
132.74187885489104,51.43607905860848,5923.0,0
144.40287682823646,53.59267388178309,5207.0,0
100.68223905723906,49.983396671955134,15159.0,0
196.448169688676,1.3162241580164484,8198.0,0
168.2142451495658,0.2409398645957785,-1609.0,0
174.5771509271317,7.761919536663564,-4206.0,0
163.13670528632534,0.1206904404062485,-3100.0,0
289.6780676071333,28.91765353896998,-11032.0,0
174.03963705245053,17.75442058131593,14280.0,0
133.20332279477523,18.30326661895478,-2888.0,1
198.4497189705915,0.0,2380.0,0
229.0387769535188,27.16414496258292,1693.0,1
232.4804878579038,29.860950937427923,430.0,0
128.9130367276595,4.302289892767078,60000.0,0
147.74597801617864,4.728152515555935,1925.0,0
162.32948977727582,4.10902703880819,65024.0,0
81.39793650455518,180.5146030182663,49462.0,1
264.9175425480452,17.99234245904943,7197.0,0
220.13223536936363,14.45870233146575,-1616.0,0
297.90794844598724,27.50923524326024,-3053.0,0
138.8948177557539,13.655361643748206,22640.0,0
133.72461281337047,26.499133448873486,18885.0,0
144.81869710190497,150.15137000514517,207991.0,0
167.4568027601388,180.5146030182663,94364.0,0
283.9984221498209,111.47542338286505,20766.0,0
303.3997382133058,164.37197996290303,-23782.0,0
214.22598559858352,172.2758768531317,52246.0,0
156.6783345615328,24.453244100980854,15851.0,0
220.5451286693082,8.428746615509768,48408.0,0
167.9419868175984,89.03372983542448,-16874.0,0
47.68412250516173,3.694142369901742,153989.0,0
85.87842613531366,14.8537711024827,7034.0,0
109.54534735243703,42.29932815162385,87425.0,0
160.77006187843224,58.85041520738342,30221.0,0
119.62493610663311,59.35240592427212,14953.0,0
115.11775898520084,91.77254346403176,16285.0,0
113.41271460572904,51.35424625110482,4413.0,0
114.30917348946096,57.04757701226731,15854.0,0
101.75188723389276,69.16015595823187,11338.0,0
91.04425238179569,81.60840198660183,31889.0,0
103.43858965618,63.77231110097422,37928.0,0
102.53471723864374,68.24091240509034,85581.0,0
103.64882040352808,80.91667128254728,106997.0,0
92.84811231162216,98.64513984815596,40919.0,0
314.6012006861064,11.926308720435038,25623.0,0
143.35428319182557,89.0766615973153,50230.0,0
161.533074848411,99.78112638273532,58760.0,0
47.68412250516173,21.961888322028766,138826.0,0
48.16393676390575,30.27025333824534,119378.0,0
66.57673637376944,149.6908844678287,541854.0,0
59.450168296238616,121.44700170185926,487973.0,0
58.1112329206436,180.5146030182663,311174.0,0
62.482887440342815,180.5146030182663,585156.0,0
314.6012006861064,47.98522773902339,-2104.0,0
314.6012006861064,28.68995829035296,-4723.0,0
100.1900448767047,94.98731072541771,32058.0,0
116.04914429356872,148.26350045764264,17120.0,0
134.70866204429635,117.75173432946102,4912.0,0
117.85552356367488,146.58154194278325,11661.0,0
158.79852451568718,68.60689481225943,735477.0,0
80.79240158026141,62.33085144509749,735477.0,0
79.21862480752262,65.90149575696782,735477.0,0
78.24548773811834,66.60890237347145,735477.0,0
72.47552378127989,51.99741355108311,735477.0,0
92.43919098974204,2.0138538008348124,173495.0,0
102.56991328877866,0.6474665758324107,53951.0,0
109.44115794727168,16.74125510307007,13289.0,0
101.503847998644,6.522201087379044,18468.0,0
95.30416136488786,1.3581109786347627,24767.0,0
314.6012006861064,9.540938318810197,-23782.0,0
232.24036160012656,180.5146030182663,-23782.0,0
235.00909456738535,131.3258256217153,529681.0,0
271.13387550828907,136.62336408529438,405768.0,0
276.97937508578406,5.298455623319465,398516.0,0
294.71441285489345,12.673042117795822,346347.0,0
245.44528823573967,0.8662266668312497,437234.0,0
102.07876744082223,0.0,81325.0,0
97.10226389766004,4.906122387757474,95238.0,0
101.79071118615757,7.775158304126993,102630.0,0
111.49445768119514,0.0,96455.0,0
47.68412250516173,0.0,85083.0,0
47.68412250516173,0.0,27912.0,0
201.0523414396049,37.2633971961847,-17076.0,0
144.366467512317,19.022652280410533,10370.0,0
171.62548706164452,15.004081281952145,4692.0,0
47.68412250516173,56.41609388535087,145263.0,0
47.68412250516173,98.48626162248448,120823.0,0
47.68412250516173,100.30382944840736,207159.0,0
106.25996388621476,175.38795869552536,16113.0,1
140.7705882935329,180.5146030182663,77260.0,0
154.82122023339403,180.5146030182663,59376.0,0
132.83013504431534,180.5146030182663,90295.0,0
132.3531878650705,180.5146030182663,103135.0,0
151.03997000505728,180.04741575688035,32071.0,0
101.34387857818434,56.18961774302073,57568.0,0
104.04973479136852,67.39194758849075,30221.0,0
47.68412250516173,180.5146030182663,12201.0,0
163.4234746720231,92.05500075274752,14631.0,0
48.089231331737054,138.51585213900043,37069.0,0
131.40006479932185,31.54005796686585,42571.0,0
183.03918134931615,36.43687244613528,14308.0,0
167.794160177672,33.992584875240816,6503.0,0
164.6958607507509,27.23034953301145,20897.0,0
132.74058834023828,180.5146030182663,486462.0,0
116.6078389217036,180.5146030182663,735477.0,0
119.46487471298752,180.5146030182663,544990.0,0
116.07590732018384,140.5874077375498,735477.0,0
114.4978040614028,180.5146030182663,735477.0,0
130.283615803986,71.0156220778735,65622.0,1
143.0421706656091,41.82820558420772,11711.0,0
220.0728631364663,52.23177500349808,1189.0,0
128.8923114834894,63.550326969209024,3584.0,0
107.35172072433691,52.47462535001685,43113.0,0
109.85694785015166,50.91380391820982,38494.0,0
86.86076777306388,38.48538924827125,68659.0,0
97.70363916972876,38.43791351911364,74592.0,1
83.82234079057068,41.15936261495772,27269.0,0
86.65985367720874,29.267574586302693,10572.0,0
103.39907476376167,22.32987710267714,17646.0,0
123.93241049280124,31.076630467172997,-23012.0,0
96.75007697132106,13.726053007249506,103573.0,0
103.8869992698127,25.46255937089354,18618.0,0
96.7420175190732,2.5361640685579827,14668.0,0
102.83730158730158,3.0371525071447127,16869.0,0
97.99537313540236,3.57474050694693,26840.0,0
79.02092757471445,0.621178964309196,20824.0,0
97.40443317820755,0.767340299510246,-422.0,0
122.13531085028112,135.93462708607805,421415.0,1
147.76188106494152,1.51751218315044,43432.0,0
150.77793442633208,40.21544288480699,331793.0,0
138.56528399961024,127.20232561990116,380563.0,0
139.65898077410884,39.76805255360315,678363.0,0
137.138069218955,57.76856922233553,735477.0,0
135.9038139803552,118.82906826638316,435574.0,0
166.3033641945031,64.27926144383314,171123.0,1
72.85702323915467,38.2453566561166,735477.0,0
69.48825874287805,47.638646159259565,735477.0,0
77.89151699069691,26.722802374973675,735477.0,0
214.04402397951245,0.0,70323.0,0
189.9194027384812,0.0451305795442721,70455.0,0
212.04817340101627,0.0367657312957511,106103.0,0
176.80308778783666,10.73972725733024,40452.0,0
205.91219000558544,3.0296053030211225,43789.0,0
156.26308120806033,1.009603109831418,49035.0,0
229.61929312092488,1.167952003520059,53217.0,0
214.9849155032973,1.2680516433697575,14552.0,0
148.837347630159,1.0785273800386417,33361.0,0
314.6012006861064,102.2239313788114,62833.0,1
314.6012006861064,0.0,-23782.0,0
314.6012006861064,180.5146030182663,38480.0,0
314.6012006861064,120.10641892355912,62951.0,1
152.12885199320277,42.569059545333296,18870.0,0
147.77081144272722,39.94347870439288,38915.0,0
149.27380206952805,30.789473684210527,36446.0,0
147.37943222109823,33.739533577913434,20121.0,0
153.88155902034174,22.42103313641226,37730.0,0
150.50826224242755,2.987087482913493,13361.0,1
314.6012006861064,180.5146030182663,-23782.0,0
314.6012006861064,0.0,-23782.0,0
124.23618299653452,19.826535807714592,55016.0,0
137.71501125865095,1.0331792844460117,48997.0,0
128.58056894001132,8.848863184727342,66873.0,0
105.11694976837134,0.0,-2423.0,0
107.35672947985036,0.0,2168.0,0
141.83598800987423,0.0,6546.0,0
120.95358783462696,0.0,1884.0,0
134.8052770561841,0.0,2006.0,0
104.92342138932791,0.0,1335.0,0
247.2936025236593,76.96143395585037,102780.0,1
126.94837030477966,0.3981927145481116,11949.0,0
147.3757214890475,0.0,19779.0,0
129.36124326598585,1.6858981873803265,18734.0,0
130.5317454864381,2.395815290816503,13913.0,0
135.83898305084747,66.01505528111032,15777.0,0
132.6369191370731,55.26550881526051,16939.0,0
124.22930408359888,67.15312011542623,4484.0,0
125.85629921259842,73.70371303975196,9551.0,0
52.825113424693015,3.540753732895441,728855.0,0
47.68412250516173,0.4699908330823363,735477.0,0
49.35120570443784,0.8407912910545317,735477.0,0
179.44230690150238,17.47038812935898,120245.0,1
151.8788815907174,19.491391841953167,28799.0,0
141.08776452697435,21.961993845799075,23465.0,0
138.33646203493262,4.596075658476225,43732.0,0
136.1635642046159,0.1038084104215882,4694.0,0
137.87343196155732,0.1151501134277826,16001.0,0
129.9264017598053,0.1190288817187377,12364.0,0
158.86282673843374,0.0,24915.0,0
134.0851367457342,15.36398778774828,67353.0,0
144.33322696148466,20.549333967329748,56400.0,0
155.70516469868133,17.816353007888228,61817.0,0
47.68412250516173,0.0387100961493885,159043.0,0
47.68412250516173,0.0,86476.0,0
162.15914549072528,26.663377936733056,12047.0,0
162.40066389144835,42.99458925788623,31734.0,0
172.7562953015656,7.838805842108649,29597.0,0
167.42179926569932,9.807992889760644,17524.0,0
160.49374607736547,20.497543202861248,17825.0,0
215.7234608002362,0.0,0.0,0
150.59500494906618,82.96894961447508,9781.0,0
150.66809801710988,92.21025072342994,46575.0,0
126.47912207472636,78.63863467721988,86031.0,0
314.6012006861064,180.5146030182663,-14287.0,1
88.22602575303988,106.24679838359644,287679.0,0
85.61551254260057,75.78253917231321,421047.0,0
101.92591248361612,94.91804352699836,483192.0,0
95.44458100938564,88.62457976469716,296755.0,0
94.19564841970836,103.7730067702984,319980.0,0
151.8996225959766,81.76937225767338,-7167.0,0
165.45306967894217,102.35108249708068,23833.0,0
178.78070097735258,119.93317035772664,14250.0,1
172.51562732643387,107.32754334206253,-16556.0,0
129.84942994812926,99.86867659298991,10731.0,0
126.19963204839333,180.5146030182663,163380.0,1
208.49938891545776,0.0,16951.0,0
219.00677148555263,0.0,17773.0,0
84.55558734506744,57.32903507605827,50061.0,0
81.95938150157777,57.22151203211554,24481.0,0
74.87646417074137,123.1164515548856,40818.0,0
314.6012006861064,0.0,-23782.0,1
92.0773553348072,0.0,-23782.0,0
92.4146604818717,0.0,120984.0,0
87.15648785367101,0.0,-23782.0,0
105.1738173666549,0.0,12046.0,0
71.38551981672549,53.04759254105205,-18025.0,0
69.40936049056053,26.435000550376376,74298.0,0
66.5682493271193,12.067704659557696,87706.0,0
66.47469705688955,6.46963933042198,56688.0,1
72.45117079059023,17.797862170852525,62774.0,0
98.97417199840926,25.10478920317923,735477.0,0
124.1556637479748,89.6520944446325,320821.0,0
124.22744831366252,108.402607768665,303508.0,0
126.02622680177316,60.45695281646227,383186.0,0
187.5263488311976,17.36193270550376,17449.0,0
166.1380928095795,1.2358156842927368,48287.0,0
152.48651345595798,2.3200574125603186,56016.0,0
130.244675930618,4.901920891080783,44456.0,0
142.69457122267596,0.0,3485.0,0
180.4818088386434,0.4567464542051582,17438.0,0
188.8065080542401,2.027372262773723,-1543.0,0
103.11876035013012,0.0,7108.0,0
154.98256097560977,0.5290286345807176,2236.0,0
129.45760795245357,0.0,4253.0,0
262.35262540998946,36.88257140642288,-5359.0,1
276.58910204306136,46.58285186707925,1573.0,0
269.8439958456936,64.26460421051033,4002.0,1
69.92354499537693,83.62140606326481,166194.0,0
66.63444556895524,78.29360228328721,162749.0,0
65.70276434974043,94.12991542530088,146497.0,0
71.22047514033561,76.38775656620338,185335.0,0
83.24887474426005,19.34517387146527,26657.0,0
67.96648531592979,71.83469252537262,183224.0,0
154.40749050181296,28.19793498416,51439.0,0
153.63224531252854,10.180191284591633,47934.0,0
146.935051813083,13.128262156296522,42176.0,0
148.68171799577624,32.39591155307034,38403.0,0
160.48691673663825,32.97018107353746,35193.0,0
157.90913498689375,39.71111779733394,57826.0,0
155.70894948096887,26.465012031731533,63363.0,0
146.6362142338844,32.77079018316883,44043.0,0
151.8289197878263,39.64649573277723,62885.0,0
141.5948349963615,46.66607475805736,56125.0,0
108.73823585017512,27.514758563061427,1742.0,0
129.83408690157503,52.636985689528885,22055.0,0
120.69338120874995,39.329710446915264,13151.0,0
111.11347024016708,31.01425113415944,13041.0,0
112.44244858840398,20.66678733031674,7164.0,0
109.5037006995843,21.47769605501958,19177.0,0
147.9187349189935,22.595876396831223,6415.0,0
163.65992756869775,25.68208778173191,5050.0,0
173.62920558816234,79.99069875595862,1137.0,0
213.28496184048768,180.5146030182663,-23782.0,0
252.48083334216136,180.5146030182663,-23782.0,1
154.7295219779012,56.98422930206273,77098.0,0
192.93322322418865,84.66342455573084,-1571.0,0
172.51348969509007,75.96773200320217,18420.0,0
195.4540749567493,88.64397434000834,20954.0,0
194.20128275852272,60.79793954708912,11794.0,0
127.85479572492238,2.230300867587037,17447.0,0
176.81503676683457,2.6566305069736558,13828.0,0
279.06309051873177,54.02631726930214,8911.0,0
190.61463513838305,116.80326730197538,-2504.0,0
155.59114362981768,138.07799208287713,-5060.0,0
276.53038123315787,43.31394947304446,4833.0,0
90.4037614161831,6.509916211853333,36692.0,0
104.29720967428187,7.6243006439353955,17959.0,0
98.34765984477689,76.24454733831915,-7875.0,1
100.21821767755505,84.52472550959342,-9211.0,0
97.31628273627048,180.5146030182663,-21020.0,0
106.74085879830432,72.61345396176857,18735.0,0
103.50130330935148,180.5146030182663,7456.0,0
73.80877015041985,33.129350259875785,74693.0,0
66.58131157489278,16.404400205487125,323715.0,0
67.03737008785886,39.743289827898025,77474.0,0
199.7708999132361,180.5146030182663,-23782.0,1
148.83816337870306,39.150251783351,3636.0,0
119.05960038463604,35.69587836423084,55735.0,0
137.58673340164168,45.67798781073552,-4230.0,0
116.5936665407753,17.851280530010875,111794.0,0
209.0758464298548,93.25439780374673,-23782.0,1
93.6140082266646,29.010030427165795,60212.0,0
75.8183778717695,20.95226642026314,53616.0,0
86.51717865548751,25.794265059700944,71566.0,0
72.11199626509874,15.523110091147114,86171.0,0
129.3320397560256,4.950139717693531,210545.0,0
172.05550416125905,0.0,-23782.0,0
102.79262919458276,9.127626412492882,15724.0,0
108.23303945216114,13.528802966208136,-20743.0,0
111.13275245255598,11.170145783891122,4756.0,0
96.63827714071762,6.006074541103399,5520.0,0
100.0695547461972,12.788848280929727,-4988.0,0
131.0484541382236,28.66980746580776,38149.0,0
100.96761122473008,0.0,5618.0,0
129.56836010853394,149.40065355027093,721689.0,0
147.25633420541917,160.0285229357623,99998.0,1
314.6012006861064,70.07065676632926,-3344.0,0
314.6012006861064,66.02580756906555,-9319.0,0
314.6012006861064,69.74192968258251,3650.0,0
314.6012006861064,61.50392817059483,-2568.0,0
314.6012006861064,47.98587232188701,1799.0,0
112.73260481954728,47.46233157293911,55724.0,0
122.7263929213328,77.72214679616741,84746.0,0
191.5767594784335,46.04025091479352,17095.0,0
188.57726139819405,46.130965844831486,4794.0,0
171.63717054737728,85.1503652942176,-4572.0,0
186.3302040693776,60.78388312258721,-13838.0,0
122.86186525080645,152.4502589893044,18051.0,0
88.53531152815448,180.5146030182663,72237.0,0
98.16701246336105,180.5146030182663,54546.0,0
106.89455247931728,180.5146030182663,18073.0,0
97.5911875650829,180.5146030182663,36874.0,0
54.79843821767131,86.5222817808921,228743.0,0
55.25561019531791,70.51729815650984,108885.0,0
79.22425268471626,63.00050219498707,55988.0,0
68.77824339977646,100.36758385664734,209982.0,0
47.68412250516173,130.3132988526247,2642.0,0
47.68412250516173,104.45156695156696,14463.0,0
47.68412250516173,137.60826215065924,-4539.0,0
58.41473007404368,144.0700318326512,-6818.0,0
47.68412250516173,139.07290571328426,2626.0,0
210.02017086984148,48.73365715147007,43659.0,0
141.1238783992751,173.5482337981768,166944.0,0
139.8495224711111,53.1239732707616,110006.0,0
221.8015859268241,19.38725310020753,5423.0,0
230.8005307125308,22.524945553482397,21216.0,0
113.64254055243973,0.0,21359.0,0
117.44792156684628,0.0,41804.0,0
110.2216806261156,0.2912526078188662,5688.0,0
114.41454438237446,0.5066338697627988,30975.0,0
105.86583004453074,0.0,24225.0,0
244.04648017094357,23.2942642587798,18148.0,0
223.50640154553935,5.870894677236693,11155.0,0
243.64306839878705,0.1829762053070885,9072.0,0
182.2041763341067,2.6404847930079964,8205.0,0
192.8418736457569,0.0,25227.0,0
186.2881662716565,0.869119321391634,19833.0,0
189.6470731524509,0.8706023697796504,13515.0,0
69.92785006355253,58.84564192150915,342021.0,0
74.90248812067254,47.62843550314783,326934.0,0
84.78699602178561,38.46504624449642,376608.0,0
245.78197829490213,105.25497407161338,735477.0,0
224.4892904471512,139.10174736852892,-23782.0,0
215.43568362870093,124.7217338226563,603809.0,0
219.29495941558108,128.34838168075652,429325.0,0
218.62103965188567,79.64049415699337,367801.0,0
79.27502237294522,2.8864402254309818,18076.0,0
199.57746367718667,3.2811001420608195,27812.0,0
87.67440617259751,3.737607695031276,10843.0,0
93.32765333056318,50.17825619771279,35503.0,0
89.72470317975039,42.73937232098414,15731.0,0
92.55772405614675,54.10625721483232,25667.0,0
89.713289170661,55.008103010558806,8574.0,0
93.74661354687596,0.0,23047.0,0
93.0668846455663,47.78575313639647,5061.0,0
133.10209155926393,26.255173654849735,28237.0,0
121.56723758257893,46.18759890663214,6902.0,0
187.2352776956679,33.763307896230174,33332.0,0
184.1972075924155,54.7360583861094,10371.0,0
179.17520000891406,61.522446965959546,13150.0,0
169.07419894829616,62.914211066902006,5635.0,0
176.78603305976725,26.756463897874767,13948.0,0
181.0364535436482,41.46675644055659,437640.0,0
241.86207440360693,23.642911398169865,735477.0,0
223.2553459234384,43.42341295307202,146996.0,0
233.35822925593516,46.38982855813503,384858.0,0
175.33378017798668,127.59986516096411,38196.0,0
267.92968580916045,12.782230924554854,53305.0,0
189.2405549790538,57.59804073534427,58340.0,0
314.6012006861064,180.5146030182663,51092.0,0
159.66212924375412,96.20216535540548,87684.0,0
155.2497499498535,46.18417786377611,71047.0,1
173.3554078586765,72.34825870646766,32422.0,0
275.69904319517235,7.62781235328815,3116.0,0
67.38147999511438,180.5146030182663,-3648.0,0
230.90217391304347,0.6846815535667738,954.0,0
106.52724872347449,180.5146030182663,-23782.0,0
47.68412250516173,54.972147832545794,735477.0,0
47.68412250516173,54.17664929104116,735477.0,0
47.68412250516173,63.49376351146504,735477.0,0
47.68412250516173,41.28634753346721,735477.0,0
47.68412250516173,67.92113948619141,641069.0,0
124.62271676342212,18.12157270542178,65463.0,0
123.21490571607838,27.162292236030183,99483.0,0
123.2550198348118,34.79592340197073,23902.0,0
98.33737911593124,11.673344386521295,91320.0,0
91.2133730978328,12.86979945072979,94060.0,0
96.04753823556052,13.832208566208443,147910.0,0
101.82828254523604,20.705415633645373,113575.0,0
95.79770684885034,19.564813581398106,218284.0,0
84.92554676185449,87.63865465564284,144694.0,0
86.34518565349985,27.362277184730303,127874.0,0
79.84226882716841,24.69436048584618,145046.0,0
77.90961481584579,43.74351613923153,275100.0,0
78.11068086956155,49.51648747166252,190930.0,0
82.35210776918491,23.435253399992085,222753.0,0
71.86989211892376,27.706050670915484,359301.0,0
70.61997100875571,32.45735545793097,308484.0,0
71.67535590623271,25.749915360635168,735477.0,0
88.04514608512326,39.62887378763333,90824.0,0
77.6667430525926,13.341929875073802,124568.0,0
111.81135138355224,10.374726782233132,93356.0,0
47.68412250516173,25.62239820548502,195258.0,0
47.68412250516173,15.77660533385198,251737.0,0
47.68412250516173,34.23607913018203,236936.0,0
47.68412250516173,26.303995674288267,120304.0,0
200.2295646814948,0.311666739520042,5108.0,0
193.14579170267595,11.607204345011548,2948.0,0
198.3440666138259,8.497215415460014,27160.0,0
200.9662406805849,0.8282753319727532,20235.0,0
314.6012006861064,96.91927264778612,2004.0,0
314.6012006861064,117.82589676290463,-36.0,0
314.6012006861064,118.68833111474017,2781.0,0
314.6012006861064,134.12246722288438,-5505.0,0
314.6012006861064,87.91191381495564,5601.0,0
251.7611163291487,114.22951838921038,21681.0,0
219.02982587238523,113.4957161225201,25465.0,0
86.36446368870284,137.98103652947452,19268.0,0
129.28218458845936,180.5146030182663,5678.0,0
132.27208408843785,126.56376816083764,116132.0,0
168.78510148805782,169.7048622886625,41203.0,0
191.24422910688853,164.33633421668753,78740.0,0
171.32097336380895,154.55875248268828,80723.0,0
121.1881525894999,142.03475564707412,200756.0,0
108.26417937375548,62.44876866936156,88266.0,0
102.44453584168372,61.75162278823025,55388.0,0
135.58631627098026,77.01707688980017,23838.0,0
118.99395369714372,79.8589195534281,98611.0,0
112.2858928806422,54.4276580596249,105132.0,0
131.96890221056577,78.78501566885386,68997.0,0
198.92695241247145,6.635848004983442,8533.0,0
243.59292448996175,24.753773877375814,4054.0,0
253.8042336767374,7.331385237852994,5893.0,0
251.7144368458836,12.167874034604562,11642.0,0
314.6012006861064,0.0016497022287477,-931.0,0
314.6012006861064,9.489108910891089,-6171.0,0
276.8582023053264,71.43558362511862,658.0,0
314.6012006861064,94.1482786734345,1740.0,0
116.59139982542382,16.188904172397983,36440.0,0
105.35417003222432,34.58281883930147,33026.0,0
86.26324984228441,4.943739720896908,14220.0,0
92.0577437727304,1.1688562596599692,14740.0,0
87.16889085853568,0.969895880488909,12586.0,1
125.41999810038264,2.050366136810145,23712.0,0
127.10812855420168,0.0,40173.0,0
124.27400988567928,0.0,29253.0,0
205.27865677640955,86.74269587545398,3471.0,0
268.2853400483317,0.0,-1350.0,0
314.6012006861064,1.0324156305506216,-6925.0,0
181.8031044233905,24.83261419431632,-2004.0,0
129.30977302914616,180.5146030182663,3610.0,0
108.89761775896471,19.48444839651273,30478.0,0
109.48181662270208,87.11642655614092,18602.0,0
142.18359496234828,0.0,9697.0,0
124.48983417978754,0.0,27151.0,0
138.75628709613144,0.0,14662.0,0
152.83262944184483,0.0,14808.0,0
137.66728753039928,17.350298479906456,13885.0,0
156.88693138680787,27.212807690268768,19270.0,0
133.39096986903562,58.4742041712404,22629.0,0
295.5415889717635,89.9348109517601,-5117.0,0
119.83620526911945,180.5146030182663,-303.0,0
187.20579754917105,180.5146030182663,7696.0,0
172.51119022338807,180.5146030182663,14743.0,0
183.7874461526301,180.5146030182663,11804.0,0
153.9148323552087,180.5146030182663,7073.0,1
62.87543181781975,74.78017894958398,66405.0,0
57.4219384186531,148.11407079544543,10381.0,0
85.70936399979423,124.09361366530452,-738.0,0
62.85948022908456,68.60890512494706,35899.0,0
63.3583807986121,106.1068542672472,75161.0,0
47.68412250516173,64.27795096743962,-1696.0,0
47.68412250516173,27.530980854764643,14825.0,0
314.6012006861064,180.5146030182663,24461.0,1
145.3308784013607,6.845963785478255,-23782.0,0
98.500893275773,11.103435264995456,735477.0,0
106.68215958359016,10.99775757169391,310593.0,0
102.57593843473444,15.700075413501455,308450.0,0
149.9714930062842,6.904159111704905,28545.0,0
147.86880495321023,19.722871835777696,3096.0,0
153.47650331183166,5.922199272666733,8573.0,0
170.66754452265104,5.48885422432446,9230.0,0
163.71956466751,18.63686695492272,735477.0,0
142.20904252291228,92.07850467997024,143114.0,0
79.69481026797725,11.247114575283335,149816.0,0
121.26841810643366,71.84940961828326,-23782.0,0
159.65297248094697,0.0494790898871392,622818.0,0
136.20923964654227,0.1017554475827741,735477.0,0
141.67261095819785,0.5752648739267906,607379.0,0
179.08196898328262,73.04738846092648,187924.0,0
237.7527815471711,158.90771250547942,-23782.0,0
314.6012006861064,0.0,-23782.0,0
272.23620317274936,161.4056416151987,255768.0,0
106.02275196405331,39.57372960870449,537117.0,0
83.49943299761318,35.58681051106534,735477.0,0
103.24086232403384,7.025290237527066,735477.0,0
101.83549749613292,7.247212993382002,735477.0,0
314.6012006861064,92.70229663017815,-13583.0,0
314.6012006861064,180.5146030182663,604.0,0
314.6012006861064,44.76577904124449,540068.0,0
314.6012006861064,105.95445673511736,620279.0,0
314.6012006861064,66.42816587098233,-23782.0,0
150.8122958665488,53.18281653127188,3556.0,0
153.49158177372394,33.106818285609904,17872.0,0
159.85889629457748,50.984881924519975,-909.0,0
151.95239896043705,53.3025893675527,3052.0,0
153.06542692266038,50.35435996113471,7048.0,0
57.08619869142076,29.27532640164017,37171.0,1
85.4181696263411,32.46520256045693,14841.0,0
85.30131167866635,20.749975178713264,3657.0,0
78.16075605787077,32.029255959547314,12279.0,0
72.07010365989926,32.741277585347696,13072.0,0
192.0289115945342,5.059799979379317,32694.0,0
184.0745375880511,6.242196753849601,43535.0,0
140.16461990507042,21.97902437270832,-2313.0,0
165.4202493501179,25.28287975712892,-20506.0,0
183.02968939772808,0.0,4013.0,0
187.6977411800257,0.0,9986.0,0
179.5743542832951,0.0,13959.0,0
189.64039283113215,0.0,7941.0,0
144.69833530681896,0.0,28437.0,0
150.5074419294085,0.0590442895888775,14718.0,0
149.07102986935888,0.0236246376267616,35305.0,0
144.47600063374392,0.1354167381493198,36248.0,0
157.0360487784452,0.0266734950814075,21722.0,0
156.5918735340772,0.0552588748775023,30873.0,0
175.44601516960086,35.86767610828041,23728.0,0
135.44576077284862,16.76328502415459,26183.0,0
132.32207987549612,13.234189874342976,22078.0,0
157.57002032035058,14.205709602513316,21025.0,0
224.70227680328944,47.714476572192005,5023.0,0
288.8948329853862,51.82870795809594,2920.0,0
265.969635585688,57.12016039038414,5634.0,0
257.8876822557689,37.12853613606181,-3990.0,0
84.98027218861444,4.671646783364924,17168.0,0
79.47570963391772,4.105070024031185,18458.0,0
238.52414870021852,2.067536065582244,37284.0,1
263.154822345631,5.303632988597189,48658.0,0
314.6012006861064,26.181748940829248,32406.0,0
314.6012006861064,38.14119337585041,33932.0,0
314.6012006861064,42.0417230910845,7374.0,0
232.1383349681101,13.074914641494276,15140.0,0
126.4648089657683,4.65765968509192,14446.0,0
123.25154449910782,4.589171508079872,14567.0,0
125.62708680015032,3.811863262250321,9607.0,0
124.20207350771852,2.03329421480419,14959.0,0
217.4042538346768,131.90944506497397,11236.0,0
213.39924748242657,143.32955014444903,-3869.0,0
211.0170119878757,116.29667965026012,8685.0,1
263.5119936637248,180.5146030182663,2040.0,0
278.53907779143333,180.5146030182663,-61.0,0
266.4273291925465,180.5146030182663,-2051.0,0
159.2256806995891,28.53892527969393,20710.0,0
159.25625681349013,57.28901214210763,12709.0,0
145.67777826752217,59.55051424218056,13754.0,0
148.40164997818113,67.29079727652098,10686.0,0
145.9148974229284,65.89475973037618,3654.0,0
149.3852941678472,61.03521977511384,10389.0,0
181.89571759685072,32.72477167662645,30540.0,1
314.6012006861064,88.0252048640617,49614.0,0
199.32274360298825,0.0,60479.0,0
250.10964684111565,155.37085661263893,-9828.0,0
147.14063247113074,90.35712501873031,28699.0,0
206.00176063055648,0.0455321570859419,8703.0,0
196.6676792684964,0.0466986396686264,38745.0,0
216.7553784777883,0.743670481017843,31906.0,0
82.41448528244504,35.67270233596452,23361.0,0
80.31729920035806,23.74225208357273,21859.0,1
77.093192169484,34.97548934394882,33503.0,0
171.57550521953604,1.367570257577751,10295.0,0
142.65678206517117,4.802794644432294,68954.0,0
152.97782302443318,1.4866661575985158,76829.0,1
155.36425985852676,6.266719610669225,102567.0,0
143.36710743417535,68.45004252561662,3749.0,0
113.95490624640516,68.09880542619963,1991.0,0
287.84065538682955,38.8944344624121,3659.0,0
312.9247782260281,32.26679153009729,7018.0,0
275.4857653517171,29.9262368052906,6419.0,0
255.92423315564105,3.7745555961712896,-6270.0,0
217.12702685102775,16.104702750665485,2362.0,0
220.59635755026537,24.678938356164384,2521.0,0
200.12904564315352,33.68697478991597,798.0,0
176.15602810582325,31.9757174392936,-503.0,0
212.8110357753156,10.599188350441633,7775.0,0
164.84279197080292,41.708192146701215,-1108.0,0
62.62561169623618,0.0,1480.0,0
77.80008826125331,0.0,2314.0,0
279.6418643454683,127.54652534769602,51605.0,0
283.2741128360885,147.99199413552176,11906.0,0
271.6244895611664,105.79241939976625,52035.0,0
252.6348464265402,120.80606596573976,122662.0,0
232.71443029759885,80.37001171668102,64734.0,0
238.33482134404508,102.5133045265288,112092.0,0
173.78918415863478,9.7855732154613,-5300.0,0
302.7321524422974,6.245033341395156,13797.0,0
145.374346548204,10.841640569593524,6675.0,1
125.66686652268876,16.546872059359398,-6614.0,0
118.07715518456897,12.667417115980268,13875.0,0
47.68412250516173,13.47932478951516,-658.0,0
47.68412250516173,47.967734356645,-572.0,0
61.86440677966102,43.25106803657805,-898.0,0
55.92050587172539,12.109244010581616,-589.0,0
47.68412250516173,10.697827518104017,-106.0,0
123.99139807545072,3.4108950348235774,29307.0,0
136.85227409838907,11.53420233727829,29165.0,0
147.91264333237234,6.859035236695724,27442.0,0
135.6279360349861,5.364421570322127,34182.0,0
127.07463904941162,6.005546354313642,17078.0,0
133.27877604728417,3.621677297626456,24991.0,0
156.23924974065525,14.692020258570182,67800.0,0
314.6012006861064,159.27706878268182,-13272.0,0
314.6012006861064,55.68114702348221,25652.0,1
314.6012006861064,138.39750515666438,-2157.0,0
314.6012006861064,129.47158465650054,14852.0,0
174.72200397267125,42.28777003632613,81731.0,0
124.01608182723348,21.708470769878588,92834.0,0
127.3224952514403,32.704726206313914,84219.0,0
110.56921562540003,135.5309783897655,93999.0,1
108.51070044296787,30.893202520588968,75202.0,0
101.97646364509244,19.568952623457356,41895.0,1
126.985180200244,1.5446237377475769,36870.0,0
60.57375926982317,8.009381354055522,47543.0,0
170.17287727256317,2.125812881361846,8941.0,0
98.15874201673869,125.59303178301148,56435.0,0
86.48391049599138,88.36642117365223,47905.0,0
101.13202830028231,98.20321464469014,60256.0,0
262.0646625263678,180.5146030182663,69012.0,0
177.6370564290669,0.0,77861.0,0
94.24675113416596,5.915504216795235,12889.0,0
118.00069330574784,24.537548824526496,8899.0,1
314.6012006861064,53.99655981812229,18959.0,0
314.6012006861064,75.79043523332017,9891.0,0
314.6012006861064,66.9907696872715,30792.0,0
314.6012006861064,53.33558608939,10148.0,0
314.6012006861064,65.43908017168457,-48.0,0
314.6012006861064,72.31490945304925,11454.0,0
124.9629793960234,15.63244199496496,-15968.0,0
113.65903242608704,13.100077429345722,7130.0,0
109.35197480574944,17.519637020051714,-11838.0,0
132.10019750282666,82.29023398144703,254109.0,1
143.7246162809386,82.9656459701332,204848.0,0
47.68412250516173,15.662644583301589,145631.0,0
47.68412250516173,5.836701734226949,274110.0,0
47.68412250516173,24.157840054110213,201547.0,0
47.68412250516173,28.55441814862834,204376.0,1
149.05856349268444,74.8553929908132,-779.0,0
168.12079395085064,59.4144971373015,-3517.0,0
124.42680928146297,33.886854176296985,3121.0,0
115.27791110684458,5.637614161686774,3198.0,0
118.62885568317137,7.72887119836148,2515.0,0
59.289971263592456,45.00895846795512,37907.0,0
76.04243205837946,71.1410851368348,57724.0,0
106.84101067115206,83.19273418872916,735477.0,0
101.25142210358938,67.15220304120584,735477.0,0
127.94158669648036,28.2390124322237,116919.0,0
154.3385860839936,63.90926310804768,259804.0,0
137.0834805250085,37.97668765719177,171874.0,0
66.4077037671958,84.21250757908832,122390.0,0
79.9908334582565,117.86750816227595,194343.0,0
76.1017129320294,48.26156459186732,15615.0,0
75.42809839167455,32.29494205372384,9884.0,0
70.10959536325004,54.10302409021015,7267.0,0
65.5035030330763,37.77964373538056,31200.0,0
102.9760863731996,84.11808736966442,735477.0,0
109.62813275602028,100.60672177911384,688562.0,0
221.1234074897614,69.93187656958115,2098.0,0
240.52363050483356,93.482815242625,6674.0,0
219.48630842841368,32.67990332003737,10362.0,0
269.4879761965965,108.13556851311954,-11010.0,0
155.1946829451787,11.123835799818789,111381.0,0
166.4016230707643,12.425184983837031,131936.0,0
162.79659291434777,14.396660636487969,108550.0,0
157.93010663246923,8.476306644503687,83647.0,0
178.01717006150528,14.741042080374775,153094.0,0
198.91288606067252,0.7625872011696012,72375.0,0
195.59527242842617,2.6103280190791143,56811.0,1
209.56099764642892,1.1805953404943563,64088.0,0
119.40581518727768,25.26289605422717,79239.0,0
125.28669166803574,28.452562437248314,30849.0,0
120.66003152209557,20.67779369660036,13654.0,0
126.53781538118996,46.77734569350852,69488.0,0
314.6012006861064,0.0,25294.0,0
57.153292120766366,118.7725303442842,660315.0,1
54.69967559929634,123.56226574460224,658792.0,0
58.16079340180651,180.5146030182663,735477.0,0
52.878563401090304,180.5146030182663,442507.0,0
54.610081670803176,180.2307699868558,373361.0,0
157.26740891752488,86.3737471415511,104487.0,1
126.82634683279228,39.90130744575368,22287.0,0
247.11045699038584,6.31519119241335,3022.0,0
258.8420908008427,6.830765268895661,5141.0,0
157.16215097442918,36.63585523164047,48577.0,0
80.1756876751253,6.093136295050623,53493.0,0
72.01855185303211,59.67494734985059,25930.0,0
65.33542189334861,20.638194469139314,67348.0,0
67.6176701147346,23.81431914262224,72863.0,0
163.13760888055162,95.83179247170372,14434.0,1
172.54318160450217,131.07137254901963,16607.0,0
162.9422485054545,105.25046399668372,16716.0,0
142.95345732237905,180.5146030182663,185038.0,0
159.26096391666357,60.9164959447703,92957.0,0
171.70737571499365,64.02003126644293,216564.0,0
64.30947590946798,111.2445082876096,413077.0,0
67.33037914016691,75.80469414320028,-23782.0,0
55.45075759827364,83.77045041926883,119166.0,0
54.65410856080114,100.25207741653786,437881.0,0
53.89024256798936,92.76126251517428,-23782.0,0
58.36212900838048,98.44930903754432,56704.0,0
82.25939824794202,111.74114549893798,416176.0,0
55.86904902122447,180.5146030182663,-23782.0,0
53.110948337718256,152.55776600707424,-23782.0,0
164.60954674657293,0.0,-23782.0,0
263.2258967527704,0.0,-23782.0,0
234.10594657183032,0.0,-23782.0,0
47.68412250516173,0.0,-23782.0,0
130.43741677965008,44.36488493372228,735477.0,0
120.00843058334831,37.203026818725256,735477.0,0
136.68015470093994,40.215233770754445,735477.0,0
141.696867400454,13.80779880850225,735477.0,0
58.121229630746974,68.0925466844296,735477.0,0
68.67414452949625,66.6005246462979,735477.0,0
66.96861016669338,57.01800539297016,735477.0,0
314.6012006861064,143.67018577216496,-23782.0,0
314.6012006861064,147.23756906077347,22202.0,1
257.4467282965004,60.55579068889572,527608.0,0
269.0996610333479,73.46038985128003,251799.0,0
174.59052912006732,31.69611841001967,735477.0,0
217.54928128806944,40.536639023024144,735477.0,0
216.81019378816035,30.718820397296746,3941.0,0
225.8743208982252,21.12019446895656,2858.0,0
197.972761127736,65.99534425709963,49598.0,0
202.1787085651595,89.9031426062779,62170.0,0
186.83838242748044,79.16270803760045,21138.0,0
60.11752583417464,31.397643401511576,-23782.0,0
154.43311874105865,85.95454379628616,361.0,0
142.668315916027,56.84552224556043,-43.0,0
130.0903166550035,89.91155863547608,3733.0,1
81.81152015281012,180.5146030182663,37125.0,1
77.85718992496811,180.5146030182663,150839.0,0
79.16950958481382,180.5146030182663,-23782.0,0
314.6012006861064,17.928448900914283,-1702.0,1
314.6012006861064,17.18047527296082,-1649.0,0
145.85424207748534,0.1085769141646529,83394.0,0
184.2438535814746,30.40301070554277,39205.0,0
166.16737032022922,29.63597105648615,29356.0,0
269.810847711928,38.01160621344772,16775.0,0
77.8833105169848,27.195629614609302,175718.0,0
160.17562591087017,30.423880688854197,25659.0,0
91.15875686914175,27.93192262596065,735477.0,0
125.97632130675056,27.70209411467869,735477.0,0
80.48709146158224,33.947879822424994,735477.0,0
100.58461052084913,56.9378445731751,735477.0,0
103.36090743266986,57.08137575059767,735477.0,0
98.91661443016145,58.437489920982046,735477.0,0
92.11822228325458,55.89012345688742,735477.0,0
101.67827152515648,43.98061682982903,735477.0,0
176.87260809874982,1.7672340666176554,15071.0,0
174.29117766343057,22.814915632797643,20296.0,0
195.29980651737375,37.3272364003378,14355.0,0
170.81597310488587,29.167336365097523,23452.0,0
199.30420753087049,39.93325804515256,12947.0,0
192.9194540756345,17.591205389477025,6216.0,1
209.93968247051305,27.040233671542147,2379.0,0
194.9573498145228,15.711845380448043,5954.0,0
120.45606035084342,4.523922073481047,7404.0,0
114.05928198617576,4.920823942760976,21977.0,0
110.23548224364892,8.377440391486399,3936.0,0
120.31682162668956,14.507673136724408,252.0,0
113.2908209910404,13.72116922881329,3530.0,0
139.563687437702,55.231332746731056,16343.0,0
141.0241254453414,89.77553310886644,12984.0,0
154.24632834628966,53.59630094759675,11934.0,0
159.7752209097944,50.41375030169293,14780.0,0
59.02810278760933,32.66370699223086,3059.0,0
86.70098016226609,53.35223580837616,-2366.0,1
71.34320994239386,42.62434036037514,4277.0,0
259.3207792680485,21.641578162029315,7504.0,0
240.27894522085077,24.58318241188932,10866.0,0
239.96089501707,22.201488512566065,12608.0,0
264.0573250783231,12.56534482932283,9354.0,0
247.2304473466937,18.68691125956209,9308.0,0
129.99445372660995,110.23668682751033,16085.0,0
126.8636021326625,147.4620573603867,199252.0,0
162.42702303239315,0.2788669790354317,45007.0,0
116.33995288584153,0.0,20898.0,0
132.0646557743332,0.0,31523.0,0
164.86548208295162,1.2162864914006937,40532.0,0
181.2628009199589,8.444290474475679,29284.0,0
253.45016808384415,0.0064856451054998,-3568.0,0
179.51575673639962,0.0265619367446449,809.0,0
203.0505241741784,0.0433831296212464,-2989.0,0
208.87375810950576,0.0,-2035.0,0
170.96338473047672,5.483284375437123,1105.0,0
195.81475664028676,8.174018196475872,-809.0,0
212.54356083616636,35.73652177227735,61040.0,0
209.07982736616145,9.340294966515042,54517.0,0
192.45953413719892,35.091607168919985,62585.0,0
131.1828160680028,93.03431641673195,35639.0,0
175.63576693890144,109.1714161163763,31132.0,0
133.50507921839633,88.5173954155662,41601.0,0
153.62462908011872,96.70005966774488,29264.0,0
176.49008042426203,83.13813021989478,25892.0,0
144.31532379447762,106.76726878342495,27524.0,0
147.49522211536495,118.90864363189088,8130.0,0
137.01788284555326,98.39241400547031,-2248.0,0
138.95998177538158,109.56568237181392,8342.0,0
137.64508790759967,126.01807154350786,12699.0,0
142.09907680203898,125.51015630121462,3182.0,0
140.6692284805538,127.13000367242012,-1108.0,0
314.6012006861064,9.525034403817216,15102.0,0
126.69575021741036,63.800187563795006,24372.0,0
130.64588716231788,58.66132406932218,41927.0,0
139.22510654426785,64.9148256521588,46131.0,0
145.67547080307764,63.19783641237133,26191.0,0
158.57198529228535,13.211791794058808,24693.0,1
190.24297510782625,49.23389869591893,28096.0,0
224.0113709370709,56.91154096935449,8440.0,0
169.73103957885746,63.28109714626443,2803.0,0
147.31633659494182,80.28611718102455,15904.0,0
143.51876678568743,64.2607577245982,30476.0,0
280.6775053470877,20.300345397206787,39357.0,1
261.8536093959871,68.53817494174986,-14679.0,0
187.5256163944925,66.02988651113256,-11882.0,0
230.65481901607887,52.26722266203686,-16040.0,0
180.7656388867506,33.51844628302778,21080.0,0
287.15557183116533,0.0,5064.0,1
82.51797636048482,13.489882228214526,39156.0,1
89.26451921528508,2.476010463669017,45539.0,0
90.22394398269384,1.4700979847434028,50400.0,0
179.44238873471065,0.0,3383.0,0
157.6957695769577,0.0,950.0,0
159.6185513288171,21.64374397418492,5443.0,0
152.982298354365,33.869027967740415,11776.0,0
138.1518555355823,33.90654251955813,8772.0,0
176.35897318985957,48.67888221947787,10172.0,0
162.65994432892143,50.48619712695226,12346.0,0
93.35760163636942,58.73052356527631,36610.0,0
105.28496872186152,93.5691570190967,-21512.0,0
62.15826308640317,30.0997429046094,43496.0,0
56.81456533645947,42.61070548437954,21169.0,0
85.47164629261829,21.346607109265207,61615.0,0
116.64059998297576,72.00176868170047,-12708.0,1
80.01831172960739,13.23344319066431,49549.0,0
82.33757631697571,14.41350432227766,43981.0,0
105.72389060922478,121.63987760182904,-19266.0,0
105.91331080169914,138.2704627483043,1963.0,1
96.74281251276189,121.91527901835838,6482.0,0
127.67627011533168,75.74668181360636,10795.0,0
139.6071432580171,98.00754849468971,17554.0,0
135.770146883684,81.62787328568669,25897.0,0
314.6012006861064,53.31989053723174,33450.0,0
314.6012006861064,51.12607803469255,6739.0,0
314.6012006861064,110.4477545257966,7279.0,0
314.6012006861064,93.5095183379398,-4175.0,0
314.6012006861064,125.36178819262824,18725.0,0
314.6012006861064,150.07525418301177,10512.0,0
314.6012006861064,163.61373387465733,-23782.0,0
314.6012006861064,180.5146030182663,-17176.0,0
314.6012006861064,180.5146030182663,-23782.0,0
314.6012006861064,180.5146030182663,862.0,0
103.2852570491318,21.007271494235557,21965.0,0
98.85306913544608,1.6403113603628454,5661.0,0
96.38389297743171,28.565262855471552,472149.0,0
115.09540750323414,29.45754999401269,8758.0,0
106.4079967596343,22.949189619170728,12056.0,0
118.44370860927152,23.47824688896749,7262.0,0
123.28611914468566,13.583471859415816,13280.0,0
120.48230454540304,26.81955506728921,9724.0,0
240.119252402796,6.218618868855038,-3783.0,0
231.7340718811951,5.89220629455981,12916.0,0
233.526817842466,10.085422639070709,2743.0,1
216.50771854764108,39.389004279959714,7551.0,0
203.7629904026031,11.131603933166724,18152.0,0
209.30231739099813,32.49332308930597,9853.0,0
205.09554997308453,17.16071460828411,21198.0,0
205.10802763773717,29.58605084520165,19448.0,0
100.39218698065126,0.1033314649184802,20343.0,0
103.050473739317,14.857008002402866,25340.0,0
119.98364333115244,1.3138727344588108,23303.0,0
112.39396718477408,15.066304943332211,12951.0,0
137.49904577270442,19.966105866778427,51551.0,0
118.9163129728732,28.06911003457654,70901.0,0
126.97730774717375,28.447393364928907,84838.0,0
136.93697008861523,37.21648303175767,75805.0,0
137.69703773688167,21.043331120011995,28447.0,0
143.29404478656403,19.572559816081515,64429.0,0
92.11949523564256,4.20034464366307,16081.0,0
84.01659883157518,0.0,14942.0,0
152.06915898165408,30.94929231624545,11571.0,0
155.01377406631607,23.159018765754837,36058.0,0
155.14070830478164,56.44230572125536,-7944.0,0
314.6012006861064,0.0,-23782.0,0
136.27401518852423,22.201263642503463,51797.0,0
191.4701505526064,2.2687906048245767,-23782.0,0
296.26339231895736,80.73225576941182,-23782.0,0
314.6012006861064,91.5111327616206,-23782.0,0
314.6012006861064,95.92823008187376,571531.0,0
303.8083625440052,74.25903331068317,-7760.0,0
181.2783529225279,51.2234314819632,26278.0,0
174.03219226085042,50.50576961713502,41928.0,0
161.27354913149915,37.149115815563086,46736.0,0
155.75857597548037,1.5042899074283134,4782.0,0
154.07526322630963,1.8815100246854115,3296.0,0
138.3889816360601,1.026806494893349,5733.0,0
205.66792661565407,12.412028150991684,1475.0,0
205.04725066011952,16.04983287754482,1585.0,1
124.495382319729,0.0989963815115723,1162.0,0
74.82011726532704,0.2342434668033086,4733.0,0
81.70287449678649,0.2119626415844207,2300.0,0
141.18598660484287,11.678695635914888,-6203.0,0
155.7473041110007,3.256704980842912,-4040.0,0
133.12242823256037,11.412424613048795,-2347.0,0
159.6198718561729,4.016512328461452,-12389.0,0
314.6012006861064,98.06296310226804,35973.0,1
314.6012006861064,180.5146030182663,-1487.0,0
285.7362118215776,180.5146030182663,3791.0,0
191.1404257854391,180.5146030182663,-569.0,1
189.9772722046345,39.69777120665901,35017.0,1
215.6608192554149,41.655176640009806,38985.0,0
244.95950431511395,41.48810658478405,26753.0,0
217.49272480257437,30.23718677338264,15411.0,0
230.40373051908207,3.621003527136193,11938.0,0
306.8875073923577,22.320037136509832,4603.0,0
220.1286162141187,17.109396845239075,-4566.0,1
98.37473453480492,52.11241034587799,189469.0,0
106.6874351640894,69.91799487271958,75892.0,0
125.03861569011512,51.39398937589444,62463.0,0
114.80248382862295,82.77792150583497,47679.0,0
130.7739719044368,7.357287870718984,63555.0,0
111.61512046196238,13.63624480405741,37076.0,0
116.82763200165604,10.133029677743046,42445.0,0
108.06360832804882,12.058091978966695,60716.0,1
107.0922356349826,15.991574194224134,42294.0,0
107.445984530866,16.633771738307747,92991.0,0
106.95049476847534,113.58503520612382,58074.0,0
92.38031909574872,170.26584204902372,-2074.0,0
60.45859232196678,98.70414459018258,-23782.0,1
79.64155204126862,180.5146030182663,-16849.0,0
192.38788472603625,91.81263480081198,-23782.0,0
175.85616775267846,108.12380745632578,188192.0,0
130.33213898816678,93.11048660169476,38513.0,0
141.0098299067275,93.95592051571256,97892.0,0
225.78029682534483,180.5146030182663,21824.0,0
129.73554981345728,81.1141621130717,365758.0,0
116.90129854850036,74.45870229908114,165597.0,0
113.97063801455984,71.84197649651725,273390.0,0
116.6859359327801,63.445784118077306,239443.0,0
140.83175588769348,68.0404333366584,339631.0,0
82.25007188728073,76.39898684331963,24175.0,0
86.63715984244905,90.23038013827224,20557.0,0
80.8883885505639,15.906237523269851,536739.0,0
92.70215140417837,60.88499971340683,454296.0,0
88.1963323202769,19.319388365683945,536755.0,0
96.16931728420374,69.46277807131942,553585.0,0
127.670587044762,59.26941473966426,17418.0,0
107.78803768423928,48.529713231442045,39875.0,0
119.7163398917264,30.27631632535942,24054.0,0
114.835765167418,27.482683167169025,30066.0,0
104.20863801534252,30.484964674974265,34315.0,0
173.48885252607892,1.026093559210729,6341.0,0
172.73870276587456,4.1826128782650525,4769.0,0
159.86818523443372,2.3099489501282022,9282.0,0
167.46597421203438,2.586418715325824,8921.0,0
105.65923603958956,3.670894196654542,348700.0,0
109.93894294140098,21.802989905804026,233804.0,0
96.1366832095978,23.54247444620048,339780.0,0
109.3354325660276,6.828010459313555,373414.0,0
116.1705082400294,10.889151680754148,311902.0,0
105.72452930767692,98.52576198399343,20912.0,0
105.16843117187656,76.02569032055938,37087.0,0
106.62060506574151,77.57872315928847,79291.0,0
132.66450802268756,33.05571202857732,24646.0,0
131.2611526301886,23.949097984008095,32940.0,1
132.826213599675,31.54153477454789,45817.0,0
131.9354965772594,145.86794102452012,13979.0,1
129.8614316034809,138.92368103101086,7470.0,0
159.70275681168735,115.334985981359,26582.0,0
139.4268557235829,3.588700982657179,3869.0,0
168.71039220031022,7.964178723946714,397.0,0
150.36453379685807,6.602229078773377,1291.0,0
189.2336802270577,0.0,1775.0,0
59.75980702583832,180.5146030182663,21344.0,0
58.15835491216769,180.5146030182663,38893.0,0
63.78296996636502,172.33217358148843,11886.0,0
164.59293663342254,0.0,32732.0,0
126.66489809668184,0.0,16266.0,0
93.42336284051451,0.0,4616.0,0
54.09497125742717,0.0,9821.0,0
199.25779742090688,79.82144637638919,18376.0,0
202.64479365485775,72.36540864395862,1025.0,0
169.37752214244534,71.90033108802375,4323.0,0
158.57262256011433,63.895151014464346,21318.0,0
108.99948928260952,19.416014576384395,97830.0,0
110.56273359523648,36.43143286743911,86893.0,0
112.35725967896128,25.85043796021773,66496.0,0
314.6012006861064,1.673524837077435,-11868.0,0
140.79898218829516,2.4265660450613318,-2688.0,0
220.4306623666584,1.798518021150572,-8772.0,0
314.6012006861064,17.155651636812845,-3976.0,1
119.89415308721247,98.63976356708204,137782.0,1
85.7706337537095,72.27922245831788,-23782.0,0
179.5680648167117,57.48771572788496,5443.0,0
98.43664943213491,22.757666253915072,12390.0,0
174.6674158274625,35.474282600349255,14879.0,0
183.9308956551925,144.27628450932085,512.0,0
184.10798286489515,180.5146030182663,-5429.0,0
165.80688998563738,180.5146030182663,-9678.0,1
199.74110767086933,122.38179659418051,11939.0,0
230.3273413485857,102.58748432691212,5052.0,1
123.8999326430658,70.98590834717977,33392.0,0
126.70860944452669,88.47291638952764,24284.0,0
143.9202979495923,97.859379339949,44513.0,0
157.46613066876486,159.41835691891987,24425.0,0
156.91371693052122,131.48984132042182,30387.0,0
112.00507639657296,41.98909044779906,40694.0,0
120.22492019864993,87.08837430516334,20070.0,0
116.5339516283216,87.19681815796073,-31.0,0
113.54870363058424,79.79930191972076,2596.0,0
114.97281222283624,83.33162562473673,28088.0,0
125.48529472377426,37.84753833162302,735477.0,0
149.51111713348735,44.700340068633295,735477.0,0
145.8078572576183,52.14015191063898,735477.0,0
152.50043884638092,47.18183771093917,735477.0,0
148.65288448902277,54.043967410652506,735477.0,0
116.33440482957332,18.51446723050873,33862.0,0
95.23308639008408,10.50922568689066,69660.0,0
84.66755169963726,7.483028474448425,45169.0,0
90.68279982412731,13.144858380284388,26864.0,0
195.34286580049812,69.6080326136192,304046.0,1
212.08260319404428,76.95805356147437,246013.0,0
201.90949740243852,72.88731015536986,247258.0,0
189.831575210492,142.74521800901175,48821.0,0
206.8214915669137,128.60602624855045,232694.0,0
201.8910583750409,155.44707824074834,219777.0,0
195.31328273983263,147.5251943163098,283009.0,1
169.5769273875675,180.5146030182663,735477.0,0
169.8386608733816,180.5146030182663,735477.0,0
148.55524749378742,180.5146030182663,735477.0,0
175.26736705152214,180.5146030182663,735477.0,0
107.3067015751024,15.218616602428614,15682.0,1
95.7180042005815,40.76450700338094,16756.0,1
101.35547979346376,26.48521830191719,14120.0,0
99.43141863903566,40.94567946466094,19497.0,0
155.41468279557546,1.5328135730892878,88481.0,0
169.1163276821129,0.5486573276107609,148901.0,0
163.00474799508592,51.13273853187533,10397.0,0
163.83068010538415,45.842177595176246,5234.0,0
154.6375801469586,40.25532639663074,13177.0,0
149.47643453927242,54.86678667866786,7144.0,0
161.01225938884494,68.02777430010497,12185.0,0
135.80443354069922,9.326878025925348,13605.0,0
122.301502284959,11.041676702298634,19805.0,0
119.40237895820684,7.125682749742046,54670.0,0
102.0502476110197,0.0,37737.0,0
111.80314799452712,0.0,35074.0,0
99.52390628535038,0.0,27620.0,0
109.76386461222783,0.0,19664.0,0
106.19166721984618,0.0,30033.0,0
87.03743282852955,0.0,48892.0,0
181.53749187416972,10.269636444609809,30021.0,0
192.88678583690677,14.162489306192864,18968.0,0
98.86242314078582,0.0,40409.0,0
98.7951254393126,0.0,32260.0,0
97.46815286624204,0.9179030101402036,27547.0,0
104.67052182293816,1.7842149054581251,22431.0,0
115.25215343488776,2.401170179022036,-5616.0,0
99.30669904277184,103.7496898003558,735477.0,0
96.6010680700298,102.83327444901516,735477.0,0
109.4005482996848,90.50183140040062,735477.0,0
93.79820517828011,75.81445774532058,735477.0,0
92.40523976387988,62.29337508707155,735477.0,0
314.6012006861064,15.0479195885928,18748.0,0
274.5960570632384,8.548873052375003,62578.0,0
209.0245392357747,1.837194084543908,39266.0,0
176.73694380475925,7.521398378386509,2935.0,1
71.02595760057817,12.638232056019364,38298.0,1
71.35993996661408,23.637857077667245,5018.0,0
77.42870684646668,18.38540593742132,19350.0,0
85.88127140842234,24.334475426427847,22816.0,0
168.8336191112452,106.24829986432157,312482.0,0
165.78338776370592,93.45030999260014,357008.0,0
132.070425578554,136.777107097582,484058.0,0
125.37460754628738,143.41419090019178,341854.0,0
140.62765440103746,3.829205957521812,34294.0,0
157.47094283863436,1.905681434913705,36929.0,0
168.0284922509667,0.0,104743.0,0
168.52519487645637,0.0,78001.0,0
148.08763381921042,0.0,94225.0,1
147.80945050545904,34.62588008261846,74256.0,0
131.32059860531174,80.8694871507126,26147.0,0
137.19788762599185,66.77298811762546,40206.0,0
155.39141916958354,50.70839798482758,5626.0,0
240.7882218628104,29.50291659529197,448339.0,0
110.424931880109,112.23064644852354,-13441.0,0
125.57522317202812,180.5146030182663,-9615.0,0
116.92489585243796,0.0,-7433.0,0
97.92827612827206,0.0,-17053.0,0
161.44973777275243,13.440492966156343,38101.0,1
295.7624521398069,0.0,35704.0,0
186.52061201656343,3.353456989100445,37325.0,0
148.46191594883845,10.873646130354592,12227.0,0
201.58845457210063,3.860622270540055,76523.0,0
212.2855325186884,55.15008154844841,85992.0,0
224.31249768176795,48.13273953628131,63268.0,0
314.6012006861064,32.24581595796966,412965.0,0
122.350342861954,180.5146030182663,-2690.0,0
70.43302178515712,144.976549904734,-2350.0,0
72.81926523855391,67.3525793861714,1473.0,0
129.59994981365998,158.83924754168447,9774.0,0
83.66919237810525,77.81508737244565,71770.0,0
103.03783317013746,8.009985109923798,4743.0,0
103.81046512973413,11.310493698210433,7712.0,0
105.62480583764231,15.506485464522632,10748.0,0
106.312448780304,14.024586057624374,13773.0,0
81.99267451105744,93.66573529411764,84301.0,0
81.89022079789726,82.95608821147023,95789.0,0
118.1935208313059,9.67772121575086,19495.0,1
178.41231852063473,180.5146030182663,11008.0,0
151.97932453208008,176.24497289735967,36756.0,0
176.14041700304844,180.5146030182663,-15321.0,0
94.91715799537886,130.85128269183434,104507.0,1
95.0089510950064,97.47691233847586,154422.0,0
83.34987177858228,124.97020262216924,-5872.0,0
81.55931495920153,42.8838653977831,12122.0,0
80.60647706002916,58.31872550043921,42249.0,0
72.478510196892,86.56826828237283,-12167.0,0
87.51757542060722,52.45393740830837,41648.0,0
83.43074071460144,39.25501565795954,27920.0,0
197.6943210537423,19.315961808326225,6119.0,0
217.85470558297004,14.464758542428449,-7304.0,0
213.21228324515653,0.045965888472239,10280.0,1
124.4295291452477,58.05002584059656,201040.0,1
305.48326732235057,89.18705746351333,76201.0,1
197.5378696631761,4.363092638016195,9764.0,0
207.90735632183907,0.5883168286334725,6702.0,0
199.64484802253256,7.024140058614839,3608.0,0
242.24303983161656,0.3001047535460491,1945.0,0
132.69224665851397,21.14312166945179,447516.0,0
181.0808372214505,0.0,42139.0,0
236.4737883283877,44.083040450566486,-3518.0,0
239.54046990354047,28.98064602690102,-7780.0,0
314.6012006861064,0.0,-20891.0,0
172.74567984029446,56.50933848560125,11442.0,0
180.8595276645637,52.71917022516111,1888.0,0
183.2401225075107,61.864344277408335,15766.0,0
180.23804387880747,60.63166170462308,4913.0,0
314.6012006861064,180.5146030182663,51001.0,1
164.8649181237857,12.045459899949478,40526.0,0
165.54256796200755,26.74819069638621,165921.0,0
201.22090195400588,38.348092908899325,32332.0,0
160.64665142950074,12.314939892912976,128776.0,0
167.6400408382281,13.745688482067974,177279.0,0
104.5085347443901,39.428776719956886,7061.0,0
127.24193803154952,0.0,164501.0,0
167.2563473544284,0.0,184517.0,0
193.30849493012053,0.0,123373.0,0
133.62938720246925,81.00907279319617,735477.0,0
131.0121381698311,57.47633946636014,362468.0,0
130.1351717048042,113.8615238768378,404340.0,0
134.09916214858697,103.79533536892554,279346.0,0
146.25307966625817,89.48494450999137,735477.0,0
238.2285591167428,34.69765268886448,102802.0,0
181.05834818833716,0.0,75927.0,0
176.63532615928327,56.0074426179748,-9741.0,0
126.32297248579243,36.87254979637758,146833.0,0
124.48937013376572,30.281191543077966,219330.0,0
147.61759362414543,24.8121787989668,11388.0,0
143.1685260537398,16.450374947218762,-23782.0,0
69.96163928137587,41.87903594570781,-17706.0,0
47.68412250516173,39.23604875420665,22634.0,0
87.32763228220203,146.29191420803545,-23782.0,0
130.04748080694182,169.61848508953793,54615.0,1
124.78736042141072,108.40123468624785,55264.0,0
117.60966889133316,170.37980218903937,75120.0,0
124.90056435038798,145.0542272615233,12952.0,0
125.59605832753633,69.81241094936999,81636.0,0
124.9599806223678,68.86711713799315,28293.0,1
119.15091423966166,158.72053337566473,-13080.0,0
299.341948133382,32.394253378395746,596001.0,0
299.9752058868473,32.95089391873594,426038.0,0
306.05732638194445,26.234857030676416,735477.0,0
302.23297886136686,24.29080680160766,514404.0,0
87.48923026798744,58.658406433810775,735477.0,0
123.77317427480972,128.51688631087853,665691.0,0
144.10962291977555,90.42952670198184,512993.0,0
124.85262620121904,157.68657370584694,236685.0,0
123.2695819864208,144.62775639472306,481935.0,0
121.78864099093744,170.97739005829175,231296.0,0
314.6012006861064,91.5226419351035,611077.0,0
314.6012006861064,83.7677386785156,219226.0,0
314.6012006861064,134.321347462726,-23782.0,0
297.2332029253401,75.44611088667762,24706.0,0
139.2564081004809,8.705833497224253,735477.0,0
155.90636009249283,29.72027972027972,72181.0,0
136.34342255567506,40.18970958039544,46108.0,0
144.1778511932152,21.564292641233425,51500.0,0
138.3887447006732,61.46139754315596,44854.0,0
143.05717486088693,67.84369203447925,47379.0,0
154.14878409004467,68.70424659248063,36551.0,0
308.8155088233824,26.91393057692692,-2747.0,0
314.6012006861064,29.37795299286768,-2697.0,0
314.6012006861064,30.024057575077983,-1981.0,0
304.0637166504832,20.50152155870845,7951.0,0
307.2157515509519,17.923906502240012,3470.0,0
223.95545641204865,66.92901670432538,99380.0,0
178.38325783796546,39.81399247743073,150052.0,0
168.45860113077612,36.70654057696027,158623.0,0
185.4014441767264,134.3832775251137,104353.0,0
201.1959583408357,0.0,90927.0,0
217.37696962621897,0.0,49953.0,0
145.13072691594,55.44298467833777,354613.0,0
64.49862371229838,81.01098191491282,735477.0,0
57.32700237784108,78.69726100792705,735477.0,0
94.37995693923769,75.34528941015961,735477.0,0
101.31665843094382,57.82225457308121,735477.0,0
97.00084613536788,54.97933347863755,735477.0,0
117.86519424171672,88.06039349086817,735477.0,0
100.05987566847148,70.1194052911988,735477.0,0
96.22673715819138,94.25943484636332,48534.0,0
120.5468087683178,98.77260653655156,47005.0,0
104.23491028631176,60.81264100756583,77567.0,0
97.5981890562652,67.77227737615851,-23782.0,0
107.63303058304012,137.4185175065381,27963.0,0
118.37779276848354,60.44234819664637,74814.0,0
272.17866302501415,180.5146030182663,14379.0,0
258.2545524064427,0.0,1135.0,0
225.3845627011848,70.39061100161261,-8223.0,0
107.95773550020088,89.1765690466355,233452.0,0
103.060868824639,125.07671535534551,13426.0,0
163.35740179473467,7.913658243080627,36694.0,0
94.45096416837949,3.539868310755901,37530.0,0
133.697951599935,3.869248497099113,-23782.0,0
212.55436144166717,7.059953391836289,55989.0,0
172.71563701527748,8.85328800952473,36077.0,0
150.6306074676695,2.6119952241540045,6969.0,0
168.1805168096247,5.247259185958699,18102.0,0
167.60862442120148,0.5291089108910891,17600.0,0
119.06245363809838,0.018732692620948,25669.0,0
156.97975667879092,6.560957299178743,25222.0,0
126.0315628882993,6.240715903027157,8638.0,0
153.24323860418014,4.649937551349738,18423.0,0
140.29020228872454,5.229834724688452,22287.0,0
154.71878821660025,8.099056900628433,19153.0,0
147.29064925835488,7.2775834768839935,13346.0,0
314.6012006861064,0.0,21111.0,0
314.6012006861064,0.0,19824.0,0
89.06283971582863,40.019201084296526,12827.0,0
49.23316508007684,107.94728887773816,437.0,0
47.68412250516173,97.8268662299272,-1390.0,0
47.68412250516173,108.1622630389942,33913.0,0
47.68412250516173,170.8827658123772,26959.0,0
