매출액총이익률,매출원가 대 매출액 비율,OCF,유동부채비율,영업비용 대 영업수익 비율,재고자산 대 순운전자본비율,매출채권회전기간,부채비율,순운전자본비율,매입채무회전기간,자기자본영업이익률,타인자본구성비율,자기자본구성비율,비유동장기적합률,target
7.494511279286743,92.50548872071326,-23782.0,142.7164771415714,261.0745738367917,-128.54238339469194,277.9241024759946,283.8549451010658,-2.644047699857845,223.38182863737336,3.084436402808251,73.94849245105574,26.051507548944254,104.20891280127076,1
12.199610486891386,87.80038951310861,57311.0,40.989497148380565,137.56855789203445,61.17241995870102,191.4809138576779,57.42547740062199,22.102564745164116,177.55743520599253,6.501707481584161,36.477880422419545,63.52211957758046,70.11656706760421,0
12.507675872638876,87.49238756432509,94174.0,41.42087436743515,132.51255925847306,62.04395280118356,194.74478992215015,56.37592633689013,23.336292607027065,180.6258754301026,6.169976680139556,36.05153789173153,63.94846210826847,68.25511962134361,0
11.095965858764796,88.9040341412352,95279.0,35.234554117464,162.95855278223036,54.903583451118855,186.92161687736527,50.39287160196484,25.35970332290701,173.35592559787423,4.8306061542387,33.507486801193885,66.49251319880611,66.88108432793672,0
17.448490060747286,82.55150993925272,120263.0,28.36490329566997,74.20481137098072,38.015824073864536,175.75141978252014,41.85466199422069,32.59209951915608,142.67854474384387,10.562962604520258,29.505312977254068,70.49468702274592,59.262097524633525,0
13.076868049684595,86.92319698250634,143866.0,31.818552962225315,178.18712560353055,32.98461101496573,191.7079599401704,44.37187968068311,32.49697535673597,144.357654288873,4.721623261717181,30.734447632724603,69.26559761249999,58.31616921183167,0
13.578206971180624,86.42179302881937,104209.0,29.54150384422228,237.7145966983855,29.214812168259563,192.06382712087373,41.26142883564921,34.428972474285644,152.23322317644374,3.991132717652224,29.209267650587677,70.79073234941232,56.46715798069111,0
12.858495675822642,87.14150432417736,128943.0,25.38544178543513,148.02064693737097,28.00790936025737,173.17005481311375,40.61525668956112,37.20299834187626,152.51365332507436,4.832781759824383,28.88394789564937,71.11600479696854,54.60105840998348,0
2.594258167950587,97.40574183204942,250636.0,156.85170767516306,-52.8352454048212,-20.77521038043701,69.12124727063159,236.3134101798772,-17.345154330081787,53.708806220930704,-18.80868767001002,70.26583033173878,29.734169668261224,132.50502988342504,1
8.658846245140495,91.34135322148576,-4610.0,84.83002137177597,631.5470171890798,376.59582429095263,111.41179486054293,142.0426639055925,4.885798169699496,73.58360743372222,2.625675334846614,58.684969671708586,41.31503032829141,92.47788482376816,0
5.336709042734804,94.6632909572652,-23782.0,75.70405078303473,-445.0555125225923,182.29547469782057,103.97879133363816,164.272035307041,11.823052404870989,78.07409855181268,-3.7649826478336528,62.16008931248149,37.83972676560439,83.43059522213859,0
6.822223720845094,93.1777762791549,-21440.0,150.05448639955986,1775.9404600811908,-246.53818700927908,110.6157573772387,191.47631693098745,-9.153522407400349,73.11252516883593,0.1819739946465789,65.6918952960158,34.308104703984206,118.86579312563354,1
7.843727980519528,92.15620977359929,120705.0,117.29289525414212,195.4075532737886,1.902782453418422,118.11541880273784,142.8375300321383,8.778572988808511,158.1360253017058,13.3099316671347,58.82020378531871,41.17979621468128,83.0198479960632,1
21.81637247055791,78.18362752944209,17789.0,26.57450250038666,903.3636614281776,-128.22140901049366,94.89730862265866,115.08480692890652,-3.090768815915628,85.3954337406818,1.16867299066866,53.50671140939597,46.49328859060402,103.52647785514118,1
7.81981805252446,92.18018194747552,-3614.0,157.55333944899832,600.3660322108345,-5.265395790518036,180.3593993935084,191.46272896753769,-14.32661556424184,155.20920690190692,4.04225727221614,65.68962891517336,34.30935580486319,131.18536197295148,0
7.983053308619409,92.0169466913806,2810.0,186.64001612469767,1178.5225718194256,-4.123256711316906,176.91773508836366,230.2707605482397,-18.45191476376952,138.68833975382884,2.4556570814297234,69.72181254132126,30.278187458678733,142.42913275329778,1
20.77559497463485,79.22440502536516,7352.0,29.374461080191267,500.3935716628403,54.55054780876494,150.23271253957986,68.9127537822372,14.909899248657654,107.27594112106044,4.780120718037156,40.798028596488784,59.20243548155057,81.95091259430704,0
19.47195850612926,80.52747026767659,13723.0,32.9305088720394,460.7501233755552,90.38760467331896,146.63633455575737,64.02485734385992,9.504043614805775,96.29042853389085,4.751817400140702,39.03363086586255,60.96636913413745,88.10856900941512,1
24.375183769479563,75.62628638635695,-5725.0,150.11884804964097,-597.5447452960074,-40.11526270291038,258.5479270802705,176.99602171791727,-22.654061936698405,117.8764334019406,-0.045037155653414,63.89810988415419,36.10143847526139,150.4916025402466,0
24.14467922049485,75.85532077950515,16383.0,129.98657031399884,761.9443087445042,-44.66709429121232,185.5869553317276,155.9045852785061,-19.47980547683665,161.33587420626233,2.61814926136727,60.922935440501,39.077064559499,139.58902579000295,0
25.296843324645238,74.70315667535476,-6987.0,144.77024311004655,1003.6007580543272,-49.70522878781007,107.14277439907328,169.14870185292256,-22.55683707132445,175.1059223863307,2.1791800886539465,62.84581745646114,37.15418254353886,148.81185598388507,1
21.452440513288995,78.54755948671101,14399.0,68.01488380096143,635.5992739621759,180.74139612967625,168.9769224858487,124.73786658350092,5.2731879584834696,125.8987765417026,4.591770892705432,55.50371571991176,44.49628428008824,92.4381741827464,0
23.71443853406693,76.28556146593307,47946.0,75.76748473727235,537.218473402857,381.43663134718594,184.9855764683628,111.80814558791008,0.5652110156318737,138.12984113731463,5.670752464275155,52.78740065108367,47.2124820365428,99.1201778274584,0
25.99791640547108,74.00208359452893,51268.0,68.37978183074831,416.2260684013988,147.37873772583538,195.5180478689425,104.59233088245324,6.00933676933557,143.71388784410652,7.67139109043702,51.12231256730042,48.87768743269959,90.9739284283616,0
27.670264425785064,72.32973557421494,35788.0,53.98175941998408,594.5062612463736,50.73946208215728,212.2340416192989,89.20736911760476,17.382947729307087,154.93465802268096,5.223020340836074,47.14793590420706,52.85206409579294,75.67781861198067,0
28.102251124403026,71.89774887559697,54494.0,51.93686424237654,754.2747654495,54.08028633588322,215.54200282839523,81.85081262640178,14.68658685535531,164.96250057958918,4.255347064854541,45.00986904829392,54.990130951706085,79.44202460493455,0
25.30565200142097,74.69434799857902,30676.0,44.569634697266416,1030.8342989571263,44.56055778427132,185.0383831495316,71.1882338477735,18.380556072535423,153.34976442431113,2.9886359110750957,41.5847703125885,58.4152296874115,75.1496412302786,0
21.913102143199765,78.08689785680023,7432.0,48.52296102369567,1689.5184135977338,48.20960649261714,170.75331970483006,75.80601786302638,17.899451142794046,140.58730156831456,1.823168505507618,43.11912571848832,56.88087428151167,75.27690404764037,0
2.594258167950587,97.40574183204942,10824.0,197.74673794332355,-46.602772548348455,162.86314841228136,177.80074955530824,411.36691537161465,12.63168874517576,127.42659018919612,-18.80868767001002,82.07150214341354,17.92866981114231,81.2525508408979,0
2.594258167950587,97.40574183204942,7046.0,109.92459132547194,-134.76144109055502,86.6723847854056,116.74334811529934,411.36691537161465,29.868261584999363,92.64381621088938,-18.80868767001002,80.53089497383952,19.46910502616047,61.99902217653474,0
2.594258167950587,97.40574183204942,-8686.0,284.9367157368678,-86.19015894165794,-72.76029675108724,139.50310203614546,411.36691537161465,-22.654061936698405,107.24535920679423,-18.80868767001002,82.07150214341354,17.92866981114231,150.4916025402466,1
8.405091837037476,91.59490816296253,46182.0,216.72310868393487,140.02372613264038,-8.81395484510822,108.04979080739444,292.2679521208978,-22.219428032178698,145.16893662898232,18.00246107534755,74.50722154095835,25.49277845904164,149.65037800886364,1
11.606195994429717,88.3937961437107,735477.0,213.71633837548285,363.4228725157507,-17.369488863195095,56.2211598491372,411.36691537161465,-12.37090668464804,61.02110421861882,10.968147107320211,82.07150214341354,17.92866981114231,116.95082266408848,1
11.248466851720352,88.75153314827965,4368.0,12.844324527828324,819.3931398416886,33.48301992702778,173.67600542250338,15.168132523744,32.57689353765132,54.76413724097863,1.5854092154525108,13.920855964389268,86.07914403561074,63.3007868825444,1
18.221292110633,81.778707889367,107516.0,10.7841444621356,63.16989071357606,6.159949112357602,82.11193825296618,15.168132523744,42.09759104306988,71.65857049003442,5.553998742768485,13.920855964389268,86.07914403561074,55.543947145170826,1
6.257212734645477,93.74278726535452,34932.0,62.99212009189484,84.89936385441652,1.8948706570883755,263.894717896052,69.30801984569449,36.85469042820268,133.51889692362528,7.175730182367864,40.93605247339203,59.063947526607976,41.30821912987168,1
19.254725242967787,80.74527475703222,-3178.0,284.9367157368678,336.97906294393334,-13.55467628052652,207.77576470574476,411.36691537161465,-22.654061936698405,133.3418432264741,26.75678218008052,82.07150214341354,17.92866981114231,150.4916025402466,1
16.51450844521438,83.48549155478563,14327.0,73.7976471429593,46.62770129970007,-0.860745026608093,47.68412250516173,86.95469498676965,-22.654061936698405,69.05755738414898,11.62393620825288,46.51088287047663,53.48863897176956,144.2393073264761,1
60.00696342543688,39.99303657456313,-8870.0,141.36305486917968,-597.5447452960074,189.6889484884704,135.963584049223,172.30079035452044,22.07641762612384,204.25492538953324,-14.413893416048928,63.27590534357041,36.72409465642959,54.08943078549727,0
60.00696342543688,39.99303657456313,2567.0,163.69913546849284,1775.9404600811908,381.43663134718594,119.01242468814527,167.33508635856302,9.93022729202638,203.03789635957347,6.066854580881936,62.59376149905177,37.40623850094823,74.38438931785409,0
60.00696342543688,39.99303657456313,-10838.0,113.92020104528982,1775.9404600811908,152.05415022187685,122.40124349900286,163.7098683371879,33.76884352708012,221.8945372072108,3.975379236246426,62.07953815663176,37.92046184336825,40.54878790089236,0
48.30987008284697,51.69012991715303,-7883.0,284.9367157368678,-328.2833632067786,381.43663134718594,117.20578980490876,411.36691537161465,5.3842646181907465,218.35431088735052,-18.80868767001002,82.07150214341354,17.92866981114231,81.17199717886604,0
36.48321331204449,63.51678668795551,-10015.0,203.7084563069421,-203.35076923076923,381.43663134718594,105.79675670978746,228.0337054621669,7.3033341591581795,205.9044500200941,-18.80868767001002,69.51532774380306,30.484672256196948,80.73006261611505,1
20.92396363121877,79.07603636878123,-10764.0,130.37944126231702,-295.5595768374165,-74.71601666035592,121.53167375326716,168.9885223955933,-17.237496940523783,173.6271604202813,-18.80868767001002,62.82369258382965,37.17630741617035,133.45155161494617,0
18.58677158655891,81.41322841344109,675.0,124.4463199557638,-190.47619047619045,34.20203602192639,122.81295193534665,171.75285934635195,34.18936140591366,170.33980221182478,-18.80868767001002,63.20185913019266,36.79814086980734,36.92705863758496,0
21.06828214173577,78.93171785826422,-12517.0,42.539267015706805,-175.27882267537782,54.30656934306569,167.03184160463957,99.92399932443844,41.95353748680042,148.72218015255896,-18.80868767001002,49.98099260823653,50.01900739176346,46.70690811535882,0
19.671607024595215,80.32839297540478,-2958.0,40.11612562681447,-163.93527796333407,43.26912370560071,122.83918335655072,90.23928917040556,41.53159610626835,132.69999314896435,-18.80868767001002,47.434622765844296,52.5653772341557,47.37027161651382,0
22.3438367145588,77.65616328544121,-10926.0,137.84005628517824,-146.80617451398308,296.1890802491755,79.4168156872418,256.9183864915572,8.96547192746148,172.05663809582538,-18.80868767001002,71.98002562502055,28.016689115936792,85.39849060643365,0
16.317447617142573,83.68255238285744,83166.0,45.751833740831295,341.3797343826857,52.11714846501007,84.87467817142269,52.47308235508512,29.87602338598833,70.22657944146167,4.631049826117329,34.414653094559874,65.58534690544013,57.31582589083225,0
16.60085903480619,83.39914096519381,12648.0,35.31939831998437,231.1101000909918,38.00692826853013,92.11358830654268,42.97804559183735,35.19374109278637,96.66194494056784,6.605857514238058,30.05919224447069,69.9408077555293,53.26030517729428,0
19.569226248676472,80.43077375132353,47275.0,37.495004966490455,179.07018747968067,36.78616291429124,62.639635440678056,44.57910420496192,32.68987029396087,101.60564925097144,7.901572151118316,30.83371172487316,69.16628827512685,55.863655385468334,0
13.441188400000971,86.55885207904424,124478.0,73.57023328087335,91.44018449120784,129.4305640466953,116.18278353344824,102.23828117218162,16.99859630113035,78.4088071877831,17.276928900133473,50.55340212278672,49.44664712980521,73.28182697890459,1
31.47715950811394,68.52147565819105,779.0,32.7470457065859,-293.7090542583571,56.33915630482874,184.99829395788123,37.57288847020665,22.72514518505677,204.98464562093116,-14.197302679433829,27.311259426193985,72.68874057380602,70.17563816717477,1
2.594258167950587,97.40574183204942,-2517.0,267.6903152817887,-75.7293919730834,-16.5278135408793,124.96298485977944,377.3869421536813,-22.654061936698405,99.12644911703468,-18.80868767001002,79.05263190717776,20.94736809282224,150.4916025402466,1
2.594258167950587,97.40574183204942,-11314.0,10.7841444621356,-82.39874424272466,173.61889956137915,314.6012006861064,15.168132523744,17.013659292286185,260.03467290500464,26.75678218008052,82.07150214341354,17.92866981114231,62.12436649633041,0
2.594258167950587,97.40574183204942,-3804.0,10.7841444621356,-66.0880503144654,305.6472261735419,314.6012006861064,15.168132523744,13.349199617690063,260.03467290500464,26.75678218008052,82.07150214341354,17.92866981114231,68.97206161451207,0
2.594258167950587,97.40574183204942,7572.0,284.9367157368678,-38.26538846389722,165.89599504738322,314.6012006861064,411.36691537161465,21.882506187312757,260.03467290500464,-18.80868767001002,82.07150214341354,17.92866981114231,58.87024904270842,0
16.949671349400695,83.0503286505993,-8223.0,58.60625232601414,-565.5309734513274,0.0,131.74152596984146,59.49323905222678,16.133548525093822,50.05149396427969,-7.0090559483935,37.30141754331383,62.69858245668618,74.49431294189979,1
60.00696342543688,39.99303657456313,-6653.0,284.9367157368678,-264.03687987846405,-6.039623976549075,151.64046729373362,411.36691537161465,-22.654061936698405,93.35459348022162,-18.80868767001002,82.07150214341354,17.92866981114231,150.4916025402466,0
2.594258167950587,97.40574183204942,-1109.0,244.5945945945946,-104.54756380510442,-58.51406799531067,107.21239665796804,346.40585964115377,-17.359229722338814,128.98785114361527,-12.235975471269589,77.59886035537579,22.40113964462421,138.4013729848353,0
2.594258167950587,97.40574183204942,1421.0,214.07411998016855,-271.80124223602485,-71.91119691119691,115.80165808043638,351.8653941497273,-11.366971596285984,130.38648859257978,-4.988844819038175,77.86951572421927,22.130484275780727,121.600208496221,0
2.594258167950587,97.40574183204942,640.0,219.1358915175996,1775.9404600811908,-40.5888624620684,110.52031651966188,363.7189844200808,-18.965919519668997,120.3629754685777,0.6130986728216965,78.43643547107592,21.565120004977523,135.95505617977528,0
2.594258167950587,97.40574183204942,2852.0,169.15164189227377,-56.56679432304573,-35.02126635101517,97.93351459830389,241.1179562538857,-20.6465188719886,135.815821842429,-18.80868767001002,70.68462736521191,29.315372634788083,140.95510418720832,1
2.594258167950587,97.40574183204942,-3494.0,178.9739728973973,-41.38838624773811,-66.04959048580726,108.69337016574585,244.70316197031624,-13.904619272710253,119.01905513586648,-18.80868767001002,70.98953214458433,29.010467855415676,128.92047113793438,0
39.82617060015803,60.17382939984197,1562.0,151.0433437509865,104.00316734119303,119.385449615906,166.7133017279879,173.49812166556177,7.663096172491805,153.64758322168404,26.75678218008052,63.43667759361005,36.56332240638995,82.8847641144625,0
18.44945163104612,81.55054836895388,24572.0,10.7841444621356,31.190634894184303,-9.394347700022172,277.3660421353581,15.168132523744,-17.12464001775815,230.4259233220847,-18.80868767001002,82.07150214341354,17.92866981114231,150.4916025402466,1
12.070659508588188,87.9293404914118,409172.0,137.4074711484062,267.94415365257544,115.78577949166812,182.0869657115499,240.76386333754024,13.894598314043623,88.94097772733335,12.288945860154008,70.65416531536796,29.34583468463204,76.71685187740181,0
13.47854831156262,86.52145168843738,464096.0,136.33497168019767,380.0305197551066,120.18030880473454,204.3907127068889,234.5581152679776,13.183925662844528,81.7385456374955,9.207617720419274,70.10982683235734,29.89017316764265,77.74836357773157,0
11.320687701347438,88.67931229865256,363721.0,139.094238725557,225.91150458293404,105.31392151569514,153.51355005772143,249.0377116823248,13.255655352822052,95.22106177118076,15.487641758739064,71.34980070835023,28.650199291649773,77.96205070804312,0
13.287166081247165,86.71283391875284,237436.0,113.43312840194815,161.05489442223964,71.46311812588198,200.76029199439964,174.74123856381,19.890871783113656,90.60376785816754,14.651731362761591,63.60211502185009,36.397884978149904,66.1217111506484,0
12.4145624218175,87.5854375781825,49863.0,90.75773913933077,176.94995757118613,76.20148283624225,185.17696754324044,140.62718700346204,19.26407365898118,80.06728529195239,11.677506060816674,58.44193615638235,41.55806384361765,69.07001446358467,0
11.990558697753825,88.00944130224617,498326.0,142.68471971845648,222.13691590435488,186.8228381468402,159.39737520264595,232.7685436346931,9.697689752354549,93.43931499446724,15.064428391523233,69.94908265434545,30.050917345654547,83.02282630354608,0
13.511898012256747,86.48810198774325,735477.0,128.7456447063406,204.705431454616,140.44491425886773,203.0231180505197,198.3821439564713,10.956923153901297,83.78732819522658,14.10694284957702,66.48593019876276,33.51406980123725,80.72731849407785,0
60.00696342543688,39.99303657456313,735477.0,74.06032080704004,1433.9995686438942,-27.399164051053425,113.69026986704972,148.41073793575572,-7.964247909166287,147.35769509615105,15.466893257151192,59.74409124541866,40.25590875458134,111.34728974441585,0
60.00696342543688,39.99303657456313,735477.0,70.02793433806244,1386.077248440327,-56.54838175283907,117.312920959703,128.08111850480776,-4.95637660338489,146.92881123822028,15.790124414626757,56.15594984119999,43.84405015880001,107.15237674831316,0
60.00696342543688,39.99303657456313,735477.0,55.92821574323519,1558.8185157569997,109.86224192991644,119.6134135848171,103.4028519404106,2.9718690485789474,154.39462151540644,10.665484377099787,50.83648088213816,49.163519117861846,95.90108064910778,0
60.00696342543688,39.99303657456313,735477.0,75.40130694094039,1607.209989704759,-48.32297346876875,113.165905496304,168.65816788631784,-6.317438928531324,151.68255147788585,14.21478674481606,62.77797887674318,37.22202112325682,108.78225776808326,0
60.00696342543688,39.99303657456313,735477.0,92.92793545294904,1775.9404600811908,-37.89826171154556,110.31302018287732,192.7211297324925,-8.840932864217017,150.0863946796154,13.477025895586356,65.83779240966086,34.16220759033913,112.9530330862111,0
60.00696342543688,39.99303657456313,735477.0,83.43269156199466,1775.9404600811908,-27.71869677688872,111.53837769099664,187.53471913049225,-8.289654414592604,151.41116979283674,13.795211464757152,65.22159122126156,34.77840877873843,111.67829385226857,0
60.00696342543688,39.99303657456313,735477.0,94.37009470454848,1775.9404600811908,-35.915211871830834,124.23724996180523,195.81691343203948,-8.698668563132351,163.42369996095238,3.381512605042017,66.19530680656167,33.804693193438325,112.7736605699148,0
45.510984209226194,54.489015790773806,400594.0,34.63457621862155,210.7904669088332,227.198061323698,56.78053066299661,62.77477567284302,2.930783196553811,83.42852272090373,19.53387301996065,38.56540346379592,61.4345540074621,96.27706385440824,0
2.594258167950587,97.40574183204942,80314.0,10.7841444621356,-42.30289503052583,-1.257256411981063,313.4129437354617,15.168132523744,-22.654061936698405,260.03467290500464,26.75678218008052,82.07150214341354,17.92866981114231,35.76007526364153,1
24.11060282484947,75.88939717515053,62589.0,46.02741485024558,154.39064002901338,60.831423941983054,172.60304752567876,57.01658147127747,16.848545053084276,65.53147879420086,11.97563292274632,36.312458809776935,63.687541190223065,76.16450195827564,1
20.10171773329012,79.89842891857448,52515.0,49.416967421385685,182.19006052620745,46.48496575037808,161.58744044101147,78.20566767547622,20.417485912007376,66.98003481515266,9.82658725663144,43.885061959922446,56.114938040077554,71.74820693100101,0
17.17527700318338,82.82472299681662,98721.0,37.75822275348589,285.6954835134386,83.70968013326379,186.8735733410656,78.68283347215423,14.098509990724509,94.28262190607802,6.119140115846563,44.03486256378383,55.96501882379176,82.12417622412119,0
16.69395823965112,83.30604176034888,11108.0,21.69545294324991,289.6237623762376,69.91846522781775,157.25630605024477,35.46688939633109,11.793786908613708,99.77630808650724,3.8696724954406823,26.181075638618008,73.81835871212978,85.9571372765602,0
14.046296849186918,85.95370315081308,6957.0,21.575308964033,1775.9404600811908,76.7638076504995,174.4140741625366,33.659145009293375,11.782967485377265,115.258951852073,0.2543450614667232,25.182822325365795,74.81717767463421,85.94889847335462,1
14.003666507253309,85.99633349274669,13865.0,14.682377737254557,280.2597402597402,95.22857958484563,148.00450342738722,35.53329648360617,9.346139919577688,106.73908018491947,2.386622515872073,26.21729270291388,73.782326148686,89.51876960956135,0
14.819804058782363,85.18019594121765,6213.0,12.232460488715228,281.4047726249437,79.0811811086974,157.68561931420575,33.899029956649365,9.022343529958333,100.2057820153954,2.158783849458603,25.316860000871092,74.68313999912891,90.07094181652593,0
2.594258167950587,97.40574183204942,-4107.0,26.939064866432503,-37.91082269206615,5.378609493121824,301.1799974886991,55.672993265233785,33.40509211343407,216.52969613259663,-18.80868767001002,35.762782032705445,64.23721796729455,59.60450563204005,1
6.524742527003266,93.47525747299672,-2032.0,54.208416833667336,-158.07713806595865,-297.3135345932532,47.68412250516173,56.187374749499,-1.1788291900561347,110.4122707862346,-18.80868767001002,35.974338412189255,64.02566158781075,101.8054532056006,1
52.463587688134496,47.536412311865504,3387.0,100.50400639816506,1775.9404600811908,226.77109543891984,80.535405216652,108.37948361979204,20.43362710096965,162.93461978360108,3.040637402103548,52.01063067107922,47.98936932892078,60.52903983885407,0
50.10842779694431,49.89206505667816,7834.0,123.1079825082659,-597.5447452960074,232.6619321660341,81.50887136520453,143.3209916045771,20.45649519396349,195.06902414982756,-10.711401624232453,58.90165628228811,41.09771752403018,58.594116379583504,0
52.341853988462304,47.658146011537696,1935.0,107.3922588794322,1775.9404600811908,234.0198812844168,84.12171772428884,113.62365041652882,19.685493861921387,184.7762582056893,2.4615801028540494,53.18870368284717,46.81129631715283,60.41247912125244,0
40.002321586107634,59.99767841389237,19653.0,101.37142617853664,-597.5447452960074,194.24322847552884,111.0015554626921,119.164372232284,24.47801974711842,190.1874216464689,-7.126181677327499,54.37240562319976,45.628072052620766,54.45577112791845,0
42.3972942239846,57.6027057760154,3535.0,102.5240814595948,-597.5447452960074,215.2247882429595,100.533836778727,121.46065480370464,24.792542912356485,224.5063416625361,-6.639460469306904,54.84525226901516,45.154747730984845,53.83612766668523,0
40.17470513169628,59.82476092841468,6245.0,96.11662439360732,-597.5447452960074,171.25468164794006,102.39613534308307,121.52724765446084,29.086260560249,220.9153598487882,-3.782412765643084,54.85882614495331,45.14117385504669,48.62158341187559,0
41.57389304780332,58.42610695219669,6414.0,102.05680378691912,-597.5447452960074,188.57233183939897,106.91327228339598,120.8725026112852,27.05260298231139,224.3180252641389,-3.974709425072783,54.725011571046224,45.274988428953776,49.71055018844632,0
19.696208887773032,80.30379111222696,-1132.0,90.05449591280654,-222.196261682243,76.52429588362736,273.26889279437603,172.58855585831063,50.50731864627439,185.11172483052977,-18.80868767001002,63.31467413034786,36.68532586965214,35.76007526364153,1
22.816679779701023,77.18332022029898,370.0,76.29253203711886,-291.10378912685337,95.36615639222175,296.97531471282457,86.87582854617763,50.50731864627439,147.823564122738,-18.80868767001002,46.48853156774651,53.51146843225349,35.76007526364153,0
18.259391969266005,81.740608030734,531.0,39.47301400724851,583.6791147994467,120.25604860583702,115.96782534815856,57.07708884317759,11.4953853828885,82.77926563481216,2.832794593006171,36.336991768520825,63.66300823147917,84.64460028985025,0
15.166119575735726,84.83388042426428,-809.0,35.992823909786296,720.7392197125257,135.38215468982062,112.8319071020625,53.3021843703178,11.256285284397064,78.14156689372521,1.9201955681728569,34.76935738995126,65.23064261004873,85.29006453347674,0
13.843943747164674,86.15605625283533,-1328.0,34.128181141297084,-323.02070645554204,189.78238694321655,135.70442058571498,53.30953244620936,7.3247574810405585,87.33580321588789,-4.702266175375628,34.772050857377685,65.22670385913352,90.5776439304136,0
9.75743162901308,90.24256837098692,-567.0,36.84377919573817,-257.4443591711435,112.152133580705,138.99512485136742,55.57477090663328,11.018973998594518,95.41212841854934,-5.1801936112270655,35.72222577141762,64.27777422858239,85.56169429097605,0
19.816416055988032,80.18611963384639,2644.0,29.977211893221444,1775.9404600811908,149.84313190560633,157.73753074523924,47.214786949287415,9.00636379272218,74.15320637979563,0.1645807711784706,32.07204108209047,67.92795891790952,88.69074248337782,0
18.42863643258001,81.57136356741998,2443.0,10.7841444621356,593.7202664129401,38.5399712781235,243.04729763890992,37.226827430293895,27.313616275725007,74.01865615046262,1.8857429935048624,27.1279516749039,72.8720483250961,71.07849923854354,0
20.458433116660967,79.54156688333903,1202.0,29.60731018203927,621.7270194986073,123.7863528346724,203.10863443774835,47.29444583527055,10.728420541459268,68.06468591278717,1.9258967848074104,32.10877746752458,67.89122253247541,86.57256165195327,0
19.23908377284435,80.76091622715565,16978.0,22.916564836991054,114.05177193057274,25.975913621262457,123.27507895866552,45.7185373456941,8.077133795231688,117.65519594014474,6.367477502430336,31.37455136351947,68.62544863648053,90.41556012055732,1
17.72128762456225,82.27871237543775,23220.0,19.139456820262435,114.74705413307343,23.30161995371561,129.09988009855314,41.68075254408194,10.925548571728234,119.13155528260916,5.990102293985751,29.418727478405486,70.58108523182727,87.36820678947517,0
15.695977095708828,84.30402290429117,25496.0,20.125823591923485,129.81626141489713,21.114195083267248,126.81353817945453,43.89032943676939,10.927360350406596,118.27244684408475,5.151399220687212,30.50262627694962,69.49737372305039,87.29569944176548,0
17.35301190333053,82.64698809666947,26068.0,20.10792140967915,107.03814945981082,20.660645592908512,131.7499361248046,43.876508706986016,11.319618779321392,119.12996347841772,6.076231412702693,30.49595038224302,69.50404961775698,86.84135235420729,0
10.486220031369037,89.50929867801926,1493.0,34.91340831994287,-169.85974336019098,11.120471777590565,314.6012006861064,35.64095697196929,46.87222350192504,260.03467290500464,-14.957150508837708,26.275955115337783,73.7240448846622,36.88128683475872,1
2.594258167950587,97.40574183204942,-23782.0,32.45033982048376,-88.04528804528805,32.25526392747477,168.58442412344797,60.74974945624346,29.78999123375386,104.79376383740691,-5.256823761613633,37.79150490855335,62.20849509144665,62.67532609288872,1
3.969573340450681,96.03042665954932,13823.0,128.86883973612728,-145.4871122761031,-137.17768071015922,219.0403591718458,164.7561764325443,-10.401938607505263,125.2164181949899,-14.804035700426857,62.22939863105388,37.77060136894613,120.26662351446151,1
60.00696342543688,39.99303657456313,735477.0,63.72632928027978,1759.6697481296403,27.28844610196972,181.2525430897842,118.50667423333208,7.787011829880116,223.46386678035165,8.563559989355984,54.23480754037969,45.76519245962031,89.00691132534419,0
60.00696342543688,39.99303657456313,735477.0,72.3297035814816,1600.5384334603857,381.43663134718594,174.38576042254104,126.2142660932968,0.2164457089957657,225.22532410477888,10.51733293689322,55.79412309975299,44.20587690024701,99.68181923897818,0
60.00696342543688,39.99303657456313,735477.0,71.01994046261282,1623.293584254229,-297.3135345932532,170.4169423659502,141.1842457316675,-0.1933459742679104,207.83317485159364,10.627986681972288,58.537922036891146,41.46207796310885,100.27404103872036,0
60.00696342543688,39.99303657456313,735477.0,73.98445100145926,1479.4442141170114,213.3569279573716,163.8563923184764,139.064176098704,0.5791831647020065,214.2402939455888,11.254426512564226,58.17022791456954,41.829772085430456,99.16124196355332,0
60.00696342543688,39.99303657456313,735477.0,84.74978728254983,-597.5447452960074,-31.681932796803373,181.63920228926432,186.4688462232644,-3.675178536206509,215.4784722252761,-2.4736715506864635,65.09219019157732,34.907809808422684,105.21925969940705,0
60.00696342543688,39.99303657456313,735477.0,85.43661929891513,1775.9404600811908,-122.2901124833054,205.62706514853352,161.91247347414017,-2.217169686833327,201.0880157378037,9.220850723520932,61.8193060171785,38.1806939828215,103.2905600570932,0
60.00696342543688,39.99303657456313,735477.0,86.96320456186635,1775.9404600811908,-50.36230130838546,194.3312746982972,170.86495746958198,-3.499025283232625,224.2697193380141,6.524281942120077,63.08123393509477,36.91876606490522,105.15363948163883,0
24.47199693400868,75.52800306599133,10856.0,162.4196376388077,-401.6598569969356,381.43663134718594,188.4186839025097,190.40197415416583,4.357208345446007,232.97043804315172,-18.80868767001002,65.56497238310338,34.43502761689662,90.11315201948447,1
30.951995630449296,69.0469928994801,9686.0,130.18682399213372,1385.4854368932038,187.4932862733062,258.06880019420225,148.3480825958702,12.900384051945997,221.7777597960876,5.063913470993117,59.733935146692005,40.266064853308,72.88632770242157,0
30.27774155691746,69.72225844308254,392.0,129.27608989083333,790.2990797546013,129.29777436684574,314.6012006861064,144.9098960430036,15.118493952022275,248.7606597991916,6.17585071870042,59.16865687516316,40.83134312483684,67.97935737543773,0
25.904133505657214,74.09586649434279,5873.0,140.70436665082633,1775.9404600811908,208.2145536384096,314.6012006861064,160.230212788426,10.818707517500254,220.28444776999297,0.9794603727757536,61.5724865577762,38.4275134422238,76.445642090383,0
36.56146726653146,63.43853273346854,25947.0,100.270708835874,601.2885071090047,-107.45066451872736,123.0610992144791,159.5965112106224,-7.461924052458858,105.17804196308155,15.80253077655209,61.47868107562297,38.52131892437703,112.15803982823036,0
39.8051885160844,60.1948114839156,88261.0,163.99977336254435,587.4814803014131,-47.38504505103568,123.01101810215611,311.656719800559,-13.799067735956395,137.69047388446904,23.710432877540228,75.70791506854343,24.29208493145657,122.93688524465148,0
40.34291988541652,59.65699705900186,112594.0,135.82698961937717,455.5118425416576,-57.73458708738246,103.0219565735586,269.60586587576205,-11.330991378157403,126.10916991760055,26.75678218008052,72.94408730618687,27.05582353308309,117.9143842278426,1
38.06413453461077,61.9359536131319,101702.0,191.465081143478,471.01184809055326,-41.89153518507409,117.30002141990146,361.73567257418347,-15.320828385398476,125.124398501841,26.75678218008052,78.3426593480123,21.65743256409031,126.17438493571424,0
39.22568045368944,60.77431954631055,99195.0,229.1281527435201,529.3995265083579,-30.296686255305254,122.1520068890403,353.3784288810823,-22.442972100154417,131.1081169777644,26.75678218008052,77.94344195179853,22.056649637215912,145.3738954603699,0
12.604783096907546,87.39521690309246,214701.0,81.9053851543342,171.1146514828711,74.646902868161,197.0774884314552,144.4476340612147,5.505481928710046,195.23490566782,8.602072061552036,59.09144288344474,40.90855711655526,91.72029401038404,1
7.26556280448421,92.73443719551578,7914.0,223.13279104162268,546.6577540106952,-20.66521752076944,150.94858879548175,286.4699978871752,-22.654061936698405,99.89285159946526,5.926473695330657,74.12527676789765,25.875406609627422,150.4916025402466,0
6.234780665121696,93.7658075217335,9984.0,144.11052695928598,-597.5447452960074,-59.6620528491821,173.5453550884045,238.2100501283776,-8.044190266862362,106.15258155210748,-4.210783714390512,70.43257586164513,29.567424138354863,114.01539488768786,0
5.7131442833265575,94.28685571667344,-23782.0,284.9367157368678,511.6215807767871,-50.91054455005774,314.6012006861064,411.36691537161465,-7.340896167109237,160.80303197136016,4.9990934090840415,82.07150214341354,17.92866981114231,128.3393165534638,0
2.594258167950587,97.40574183204942,-23782.0,172.88463675767792,-54.242873009996295,26.984480971808622,314.6012006861064,245.6363686881784,10.213134829082158,193.69804665695716,-18.80868767001002,71.06776422796905,28.93210179237977,79.5661136532394,0
2.594258167950587,97.40574183204942,881.0,10.7841444621356,-66.27412778593931,6.095439506088617,314.6012006861064,15.168132523744,24.227163644296944,221.9404600900604,26.75678218008052,82.07150214341354,17.92866981114231,54.85764439585482,0
2.594258167950587,97.40574183204942,-23782.0,284.9367157368678,-61.72518284653583,78.10522207042685,314.6012006861064,411.36691537161465,3.979434356031061,209.312936680499,-18.80868767001002,82.07150214341354,17.92866981114231,89.52531423765244,0
8.303258121973592,91.69674187802642,35292.0,110.23570674345824,95.24656718289548,247.70407104618832,120.62026040444547,172.7167369815687,13.48505441910863,51.18104255103564,12.170407839149773,63.33189465518242,36.66807036884956,77.36596499858813,0
8.52083412390852,91.47916587609149,339637.0,88.61924219163143,116.34520143353684,238.89952014147275,127.4337663498337,138.57130048289378,11.883976269093449,59.30557294328393,10.160531530822675,58.08380983060858,41.91619016939143,81.0927858828152,0
13.104524731881472,86.89547526811853,246266.0,78.0288668276048,70.3807604189145,177.61615851685298,129.5819151979151,119.86187717790844,15.365555669738178,62.13108762364175,17.63795073543762,54.51689884414035,45.48310115585965,76.1811449599324,1
8.21954554763985,91.78045445236016,150105.0,95.61700931178775,86.52567172120244,201.27860964553764,114.22130675568788,172.20036469790443,16.353631948339682,50.94577354891696,13.211615752303135,63.26235634879374,36.73764365120627,74.79114285296141,0
8.588812511974682,91.41118748802532,74893.0,106.70636224211142,94.9884307951199,263.849160698538,111.03424353598824,170.46824521909824,12.209463915144426,50.05149396427969,13.413329087673546,63.02705945031649,36.97290329310865,79.83490754699567,0
13.43229470885617,86.56770529114382,6524.0,62.89888443368137,182.984441301273,381.43663134718594,120.69135330016718,92.90722140616936,2.2526619936861256,81.39700698906323,5.613561475247131,48.16160884436341,51.8383911556366,96.65748538833144,1
3.704539980732177,96.29546001926782,13551.0,68.35591304490278,-168.73865064953208,-145.53015698154778,171.52780286608865,86.0794849532297,-7.991566047619257,112.0350885115607,-5.863899218583621,46.25952451172434,53.74047548827566,112.63184993459689,0
11.262439147089804,88.7375608529102,5923.0,63.8866674283103,598.440038999025,381.43663134718594,132.74187885489104,89.35983853155108,1.1165634301343417,86.25735606223374,2.34357744011577,47.19049151315261,52.8095084868474,98.31492048075756,0
6.846713059695049,93.15328694030497,5207.0,59.08801937485809,1775.9404600811908,381.43663134718594,144.40287682823646,88.80118065541512,3.053759475353058,86.0097678621793,0.0158934382804813,47.03422952501975,52.96577047498025,95.55516657914696,0
7.414677073767983,92.585322926232,15159.0,57.60247943032136,236.8503389535894,381.43663134718594,100.68223905723906,85.54034608714902,2.2005687354584684,52.17058846036119,4.2452864996494855,46.103366675283866,53.89663332471613,96.8086517664023,0
3.642455290686591,96.35754470931342,14280.0,67.8621841086742,-149.85288402820186,82.8607227644421,174.03963705245053,84.85391211960234,6.225418955423636,232.07110900189429,-13.67003111482128,45.90322766050037,54.09677233949963,90.1634665282823,1
5.116505425350206,94.88350612888776,541854.0,284.9367157368678,439.07724146326615,-5.723522212120521,66.57673637376944,411.36691537161465,-22.654061936698405,89.0024232703277,10.56471620146076,82.07150214341354,17.92866981114231,150.4916025402466,0
4.351282217350291,95.64871778264973,487973.0,284.9367157368678,811.3337304380786,-3.879339772459296,59.450168296238616,411.36691537161465,-22.654061936698405,85.66172022969008,4.715414146753126,82.07150214341354,17.92866981114231,150.4916025402466,0
3.4649675826525264,96.53503241734748,311174.0,284.9367157368678,-434.2159675729835,-16.88361847947962,58.1112329206436,411.36691537161465,-19.12962424402417,57.2320804631654,-8.503240657549863,82.07150214341354,17.92866981114231,131.39145726467817,0
2.594258167950587,97.40574183204942,585156.0,284.9367157368678,-191.75617039530127,-7.948980272066841,62.482887440342815,411.36691537161465,-22.654061936698405,71.13122485962914,-18.80868767001002,82.07150214341354,17.92866981114231,150.4916025402466,0
14.196026068208544,85.80397393179146,4912.0,185.8934362300398,664.4129287598944,-89.77752270348739,134.70866204429635,213.88489799269323,-19.368865697602185,110.4139308114465,6.2230614506793644,68.14118785596118,31.85881214403882,147.5,1
38.54132999353588,61.458670006464125,22246.0,10.7841444621356,40.90690890292087,50.242615771269314,47.68412250516173,15.168132523744,31.920284674895548,50.05149396427969,-18.80868767001002,82.07150214341354,17.92866981114231,62.8046240848551,0
9.8943980320165,90.1056019679835,11061.0,284.9367157368678,532.002561912895,-159.40184537066497,107.49822436950495,327.32097169359287,-10.639270179239375,79.13714385030222,8.46932041117068,76.59838701487737,23.401612985122625,133.13063701107473,1
10.875393152669153,89.12460684733084,16113.0,196.07301207630823,392.4065987384765,-297.3135345932532,106.25996388621476,233.45560352371507,-3.862782962028251,85.22753292123375,9.017851933959513,70.0110002821146,29.988999717885413,109.3757630447476,0
12.890361867809125,87.10963813219088,65622.0,44.35086713129777,-588.4124553343543,170.58943400071325,130.283615803986,100.57663296221028,6.100642418252511,99.09737378636416,-3.6636453177403463,50.14374380347658,49.85625619652342,92.16744876460449,1
15.098065852705938,84.90210395829442,18618.0,38.42399368424842,114.98694264435632,135.74102964118563,103.8869992698127,42.983884032926255,14.986870975864178,65.01126695987367,10.634943901416673,30.06204812776519,69.93795187223482,79.5057070690923,1
6.063606945566727,93.93639305443328,421415.0,144.56015095390654,1310.7214665878178,-87.09458943273373,122.13531085028112,262.6120210215862,-12.941142695591648,230.80339474957125,1.1657976613726628,72.42230148709409,27.57767950049061,121.52063542449844,0
6.432438450762594,93.56758799558136,73754.0,200.95218928917063,840.2945838326825,-50.55720294133575,128.55521242893536,295.069162423157,-22.654061936698405,242.9884990139481,1.949677855060404,74.68797630605995,25.312023693940045,143.661829641238,1
9.89904618093219,90.10103624380578,62833.0,183.6436973402337,174.9937032033522,95.38071326718048,314.6012006861064,249.1313718588816,12.721470030175496,205.568899662718,4.74432176176385,71.35748659091574,28.642513409084263,73.16135901591672,1
2.594258167950587,97.40574183204942,-23782.0,10.7841444621356,-9.388727728337,-9.032580584245402,314.6012006861064,15.168132523744,-22.654061936698405,260.03467290500464,26.75678218008052,82.07150214341354,17.92866981114231,150.4916025402466,0
2.594258167950587,97.40574183204942,38480.0,284.9367157368678,-35.94293876522855,-11.232248171420585,314.6012006861064,411.36691537161465,-19.213713346522184,260.03467290500464,-18.80868767001002,82.07150214341354,17.92866981114231,150.4916025402466,0
5.403008098727344,94.59699190127266,62951.0,167.1469344812146,44.64175098079703,-297.3135345932532,314.6012006861064,188.23733013215835,-2.8287042817020067,170.62518318549942,9.312617262720687,65.30636751521759,34.693632484782405,106.7333017247833,1
14.2963660623185,85.7036339376815,13361.0,16.500378344073425,120.6494898196897,35.47935281333011,150.50826224242755,26.967389181800428,29.853723244474672,97.00652949593378,6.54870874829135,21.23956753795097,78.76019215195288,65.6872412297783,0
15.741771300708384,84.25793885430072,35598.0,15.427725552102167,104.19204451462517,26.965473016301598,153.01537337831726,25.785615574115244,32.166345679923744,96.82637125665194,7.264315327765426,20.49965368172156,79.50034631827843,63.33688881409455,1
15.959757774269509,84.04033162111376,120245.0,29.07264985437305,248.34247136641235,108.70004660832772,179.44230690150238,44.07631534845227,10.526753907710017,105.19266939978154,4.070644356529067,30.592322508872765,69.40762236366703,86.81216983288684,0
16.311454247141228,83.68854575285877,85039.0,28.38956144043624,262.89426006752865,97.33408329413818,182.3765455233611,43.52138110656914,11.3068631326403,104.30433981941864,3.821963780574648,30.323970387557203,69.67602961244279,85.90505546177137,1
2.594258167950587,97.40574183204942,0.0,135.15586861008438,-96.46408839779006,-0.0,215.7234608002362,135.42785410419137,-14.15664435096866,202.03528716964425,-18.80868767001002,57.524142425499136,42.47585757450086,133.23132563638893,0
7.068440871972392,92.9315591280276,-14287.0,284.9367157368678,-164.33890240868072,-3.768192245496597,314.6012006861064,411.36691537161465,-15.137961997376095,260.03467290500464,-18.80868767001002,82.07150214341354,17.92866981114231,150.4916025402466,1
26.46526658342666,73.53470637889201,473530.0,284.9367157368678,182.95118172147448,-37.53380797753166,130.4521930533707,315.913621583534,-22.654061936698405,148.47974147650612,26.75678218008052,75.95654606856498,24.043453931435025,150.4916025402466,1
25.341248215270117,74.65875178472989,163380.0,243.4629146221364,174.82669323770602,-163.639296962985,126.19963204839333,411.36691537161465,-10.04751503499363,161.67659220506633,26.75678218008052,80.54546180903503,19.454538190964968,119.08888752897867,0
2.594258167950587,97.40574183204942,-23782.0,284.9367157368678,-96.416776306957,13.483401546157344,314.6012006861064,411.36691537161465,20.13335256027302,260.03467290500464,-18.80868767001002,82.07150214341354,17.92866981114231,44.77343931488702,1
5.610500839100376,94.38949916089965,-18025.0,64.2547643810333,-310.7000409081612,131.76887383997993,71.38551981672549,64.98044443142368,22.65598363450392,50.05149396427969,-11.4585378001084,39.38675559722696,60.61324440277305,62.89134759694252,0
7.562712397892711,92.43728760210728,74298.0,41.6140986669602,406.17093934875663,90.3252694040366,69.40936049056053,42.26580074117352,29.99035813765246,50.05149396427969,5.868141110857091,29.709037956401325,70.29096204359868,57.61023184861978,0
9.526991568726508,90.4730084312735,30723.0,30.89356228879523,280.2154819898304,56.14742445359076,59.66731083983966,32.22035539355279,38.5049724768337,58.39640973690471,6.673833390287428,24.368636333451192,75.63118418714676,49.755376677760005,1
9.67874964613025,90.32125035386976,87706.0,32.918499232397,374.94505494505495,59.20996023043264,66.5682493271193,34.11761960084644,36.85339118564366,50.05149396427969,6.253630554748765,25.438581226229218,74.56141877377078,51.15877408774088,0
8.534847007687235,91.4652441921654,56688.0,32.321813549356506,634.7413048598571,58.19538055784959,66.47469705688955,33.284168630742094,35.382422749115364,58.44331427560412,3.200395997808946,24.972334653603472,75.02766534639653,53.29009586572825,0
8.447698881815299,91.5523011181847,62774.0,40.07234726688103,480.4479086617631,86.47131206181142,72.45117079059023,41.22246241418267,33.599927694532475,50.05149396427969,4.947531937081776,29.189678779114487,70.81012891911018,53.08879635073927,0
20.89874657757906,79.10376529099997,5608.0,10.7841444621356,-597.5447452960074,4.665752846900042,155.32968275099847,26.744347664936992,34.66838879479462,226.8792544774057,-0.2015381764269829,21.10114659615689,78.89946264728461,62.17243900817656,0
24.513571943310115,75.48642805668989,3485.0,10.7841444621356,676.6362252663622,3.349839312651669,142.69457122267596,24.914394862915312,37.90970741622482,224.09404275762677,1.020273470560374,19.945051188174816,80.05432721893123,59.11358120700982,0
21.61973278520041,78.38026721479959,17438.0,10.7841444621356,-361.4218245090729,4.829190687171767,180.4818088386434,23.878738967684328,40.51382988308187,152.79732785200412,-3.453930423434871,19.27589767757764,80.72410232242237,55.85952247912167,0
21.30617523440026,78.69382476559974,-1543.0,20.88777372262774,-334.24657534246575,7.042394264158484,188.8065080542401,32.89507299270073,27.48244114436365,187.0849736596869,-3.596715328467153,24.7526655818967,75.24733441810329,67.39247311827957,0
15.618642062928792,84.38135793707121,7108.0,10.7841444621356,-330.83916083916085,3.707633829585049,103.11876035013012,19.44881351295904,40.16488339843004,126.70948663354623,-2.1731366872582765,16.282235594966984,83.71840052925535,58.34669199865424,0
19.546341463414635,80.45365853658537,2236.0,10.7841444621356,-361.80986605684416,6.654196543004607,154.98256097560977,26.25395186201774,41.42696218062322,156.54939024390245,-2.772870976800645,20.794558486937927,79.20544151306207,55.62344839247696,0
19.55241150791564,80.44758849208436,4253.0,12.766205140941263,-367.4460431654677,3.0222238127616934,129.45760795245357,28.94107785918291,33.63830068978801,189.64142954820383,-2.1575810257047063,22.445196162226583,77.55480383777342,62.6652593042909,0
20.02528314542968,79.97471685457032,1393.0,46.23251312643993,1511.4186851211073,168.1859317153435,245.15703069236264,82.85871111720991,4.80078044773054,110.77784370888264,1.0436151696145484,45.31296901906883,54.68703098093116,93.5752270396566,1
19.099352881499502,80.9006471185005,-5359.0,23.71757376725699,-597.5447452960074,79.35275296627117,262.35262540998946,69.46419636502019,12.47733586173628,105.6169294867375,-2.528559045518292,40.99048522048672,59.00951477951328,85.49172440804011,0
13.858524185261084,86.14207676544294,-3051.0,82.0892923568845,677.5118004045853,184.283827590347,257.1668179059272,102.1139858645498,9.784664544247736,107.80686045323702,2.3474661453592827,50.52296872369004,49.477031276309965,83.52390372568415,1
12.728950601062172,87.27104939893783,1573.0,72.7356660102857,-597.5447452960074,381.43663134718594,276.58910204306136,83.46280628106089,1.6398598786715994,103.09548546389044,-0.3700257503299937,45.49303914669099,54.506960853309,97.28293086488917,0
13.07424889767844,86.92575110232156,4002.0,72.08922452762815,1734.4677137870856,286.2324929971989,269.8439958456936,93.10682783404116,5.618220660731077,104.62620571279317,0.8706685001861376,48.2151920148875,51.7848079851125,91.03567773892408,0
13.696529636730393,86.30337040465247,77098.0,95.48115640011302,118.59515339087152,-149.37965260545906,154.7295219779012,118.26345719129698,-7.866667475796891,147.5299575975546,13.837551215032494,54.183810113318685,45.81618988668132,113.98396962211028,1
52.50564530137224,47.49435469862775,13828.0,20.970555678547708,437.45740109645874,36.26582033517823,176.81503676683457,30.286473323002,35.12251486830926,85.28237363210005,11.9530661943768,23.246219201359388,76.75446049277825,58.13925229859451,1
7.253788958474155,92.74621104152584,-7875.0,82.33979926385577,1374.6688741721855,-114.55481826285036,98.34765984477689,107.57703542763949,-13.58409032202514,50.05149396427969,0.674705793645031,51.825114086447385,48.17488591355261,122.51523016956108,0
3.0955656429602003,96.9039550189099,3096.0,91.05819037209524,-165.00905979464466,54.86650255633403,104.55864941688516,111.44442332367058,26.70506103299574,51.96090038874323,-5.901012213087488,52.70610049023051,47.29361857538172,53.095532978392704,1
7.638641673725085,92.36135832627492,-9211.0,105.35729552144018,334.76944573823937,-92.07011810146328,100.21821767755505,126.25825913848485,-18.167857345277007,50.05149396427969,2.6221619707128814,55.80256776342246,44.19716234342824,134.00005050887694,0
5.835508452307962,94.16449154769204,-21020.0,219.5802057269947,1775.9404600811908,-203.1032797567333,97.31628273627048,254.7553516819572,-14.431979812782364,51.422895681877904,0.0556018904642757,71.81155984655834,28.18844015344166,137.8764975062985,0
2.626970227670753,97.37302977232925,18735.0,84.77513497738217,-176.26514611546688,-99.25872968091512,106.74085879830432,112.724354297388,-14.584207941303172,52.76331080085765,-4.913468553917992,52.9909534667402,47.00932092007387,124.24717963222314,0
2.594258167950587,97.40574183204942,7456.0,207.42263640890656,-169.97058823529412,-132.21228794131133,103.50130330935148,243.07604752080812,-18.08975204349503,52.60254699729886,-14.512342605107776,70.85194354935699,29.14805645064301,145.75012586004362,0
4.6845372560878,95.3154627439122,-23782.0,284.9367157368678,-277.5673488957478,-57.94574925570625,199.7708999132361,411.36691537161465,-22.654061936698405,169.6334453950918,-18.80868767001002,82.07150214341354,17.92866981114231,150.4916025402466,0
6.207749890091527,93.79225010990848,28306.0,284.9367157368678,-178.59650713533716,-157.59089971551882,145.69184648223262,411.36691537161465,-11.395208991323182,159.5612234951491,-18.80868767001002,82.07150214341354,17.92866981114231,126.436377179283,1
13.024500495421044,86.97549950457896,105713.0,160.34874973535202,305.229811717823,140.45017236329224,228.94696944076065,253.6255647700603,8.480568746942769,255.34480513079188,10.06045235660584,71.72150150823414,28.27849849176586,84.48367481546913,1
12.23201452154981,87.7679854784502,-23782.0,183.1123875502656,245.72644785482245,237.58576116138013,209.0758464298548,273.26978263172686,5.584753898894069,238.31368965207463,12.335960423220955,73.20968016605006,26.790258132825244,89.0373910557959,0
2.594258167950587,97.40574183204942,-23782.0,10.7841444621356,-28.606084926309645,-34.11299229661526,172.05550416125905,15.168132523744,-5.0391709289709885,188.85396222043508,26.75678218008052,82.07150214341354,17.92866981114231,106.57784260152494,1
5.484622225708331,94.5153942527442,68690.0,178.68475464879597,-597.5447452960074,-94.6257671800342,159.55894845062176,239.51296355663,-14.357956679250824,118.43821099373145,-0.7813183054346775,70.54603570813414,29.4539529971848,130.31008578139466,1
3.769148829661749,96.23085117033824,721689.0,125.34742127040492,-543.3834519041071,245.625653175003,129.56836010853394,228.8097983857739,5.153553240129794,116.66912578220328,-2.360344463255172,69.58728100837321,30.412718991626782,91.67148823344094,0
6.46204408853577,93.53797085723724,99998.0,158.15410403807638,432.9877590266392,-297.3135345932532,147.25633420541917,247.84254728526184,-4.025223371960212,123.56213294115624,3.0974686371802385,71.2513604846646,28.7486395153354,107.38128231286215,0
21.237433032267266,78.76256696773274,342021.0,26.741695622404382,122.56537672503003,97.35207340924111,69.92785006355253,103.64784703691616,12.668307009141182,121.06558259452696,12.336520064246542,50.895634218187126,49.10438149290228,85.41669567966467,0
22.27905868687766,77.72094131312234,326934.0,22.02848109007655,112.558996729516,88.64432399612934,74.90248812067254,88.73427057035572,12.496943203415327,107.9682938604719,12.351611265222246,47.01545209685575,52.98454790314424,85.85171236578576,0
23.8468622029506,76.1531377970494,376608.0,24.90629585099297,104.86368106743453,65.69842601334874,84.78699602178561,80.41602979160291,12.896992595374035,115.70497275322944,11.510169237847636,44.57255260770942,55.427447392290574,85.03743694142186,0
22.19576776873782,77.80423223126218,616577.0,25.763617154013406,91.99259339941185,85.8796527708354,75.7421011462272,72.37990235861935,11.172506997786645,118.90003465326338,12.275367198068883,41.9885969119765,58.01140308802351,86.86424456402098,0
25.006728648934512,74.99327135106549,35503.0,56.07567733517538,864.8736051013436,-297.3135345932532,93.32765333056318,78.6629825773275,-0.55631927141507,59.40916560031353,4.212717783406247,44.02869662342125,55.97130337657874,100.81079896568347,0
26.394916124592715,73.60508387540729,15731.0,52.01208712155191,627.9089676821003,381.43663134718594,89.72470317975039,74.8720844128547,1.6979207737554014,77.55254420128547,4.930884248925755,42.81534394940335,57.18465605059665,97.5831308777149,0
23.26026915932279,76.73973084067721,25667.0,52.64710025484023,1627.866807408118,381.43663134718594,92.55772405614675,79.04986489626191,0.1861618975026514,57.84256582363837,1.906453696097999,44.149591608614536,55.85030621690824,99.73644561965672,0
26.97677129462945,73.02322870537054,29577.0,62.825067056815406,451.8356053448509,-297.3135345932532,90.55068516048294,84.85910753474762,-0.3339897048860636,57.03294334738368,8.671836137527432,45.904748035634015,54.09525196436599,100.50593292272572,0
23.81853908128996,76.18146091871004,8574.0,55.79812349393704,1034.3274074931958,381.43663134718594,89.713289170661,81.95010610426795,3.825689216835667,53.34883039442422,3.1838655139926733,45.03987816160206,54.960121838397946,94.48202888765152,0
23.064570588438603,76.9354294115614,23047.0,45.01898023560443,-597.5447452960074,381.43663134718594,93.74661354687596,63.95965140525031,3.734698269771325,70.06966322903457,-0.2115449733563828,39.0093848438142,60.99061515618581,94.85172043848556,0
24.97946638765368,75.02053361234633,5061.0,50.36691603284857,1257.73796829459,381.43663134718594,93.0668846455663,75.62322226284206,1.040194310409254,76.35784724038713,2.508582179383153,43.05992185342237,56.94007814657763,98.541532302269,0
41.14245576350107,58.85754423649894,144694.0,66.08691081769112,1143.96821606707,-209.94961884413493,84.92554676185449,165.6114363715861,-3.26169344905305,173.63371507618842,5.742256591666324,62.35101870384015,37.64898129615986,104.34203805071954,0
40.509736944443816,59.49026305555619,127874.0,25.891779061591464,493.0450589621857,139.6737661827204,86.34518565349985,65.33363604102423,4.341554382482761,148.29168305978618,6.620525785625646,39.5162292351806,60.48374410138079,94.85229773135386,0
42.30796071804321,57.69203928195679,145046.0,43.68639974307374,836.7188875198028,-145.161791124221,79.84226882716841,76.98183299965726,-4.398934339643994,146.5589684290309,4.414107116494821,43.49702548272643,56.502974517273564,105.84064617710284,0
39.587678868403486,60.412321131596514,85910.0,55.68301661124199,993.3668424522082,-297.3135345932532,83.08490937561534,167.59656218810989,-0.00948273779324,160.15938861464838,6.865279635368895,62.63031214515232,37.36968785484767,100.0119744494232,0
42.66062388002575,57.33937611997425,275100.0,35.4285982755417,586.489777920869,204.60928998911865,77.90961481584579,85.47280810057745,2.684451645662058,156.85477957166967,6.047455406063751,46.083740778986645,53.91625922101335,96.68169277900331,0
43.69280894039596,56.30719105960405,190930.0,50.88701210962343,595.7954728748857,-144.43172970294694,78.11068086956155,95.99762468807172,-3.645444935572741,157.33355138490884,6.270890923198107,48.978973516057145,51.021026483942855,104.92382008185068,0
42.05244681556788,57.94755318443213,222753.0,27.11988352306454,440.5658297753852,183.23646274587068,82.35210776918491,63.1772777638539,3.077227776798169,139.08659424230376,7.106016436043213,38.71695779560834,61.28304220439167,96.30939829121978,0
2.594258167950587,97.40574183204942,-6925.0,284.9367157368678,-85.05864756356766,-16.378722227343967,314.6012006861064,411.36691537161465,-22.654061936698405,260.03467290500464,-18.80868767001002,82.07150214341354,17.92866981114231,150.4916025402466,1
7.675815324558998,92.32401756649266,6744.0,284.9367157368678,-285.7680174714875,-23.87206838131556,301.0549170136962,411.36691537161465,-22.654061936698405,260.03467290500464,-18.80868767001002,82.07150214341354,17.92866981114231,150.4916025402466,1
6.680318254681941,93.31968174531806,24461.0,284.9367157368678,-239.42268461852305,-28.218111936412345,314.6012006861064,411.36691537161465,-22.654061936698405,260.03467290500464,-18.80868767001002,82.07150214341354,17.92866981114231,150.4916025402466,0
13.793089637660556,86.20691036233946,11568.0,10.7841444621356,162.9533480949836,16.13353959778432,136.37778703395907,15.168132523744,50.50731864627439,67.20872065779409,2.725866909761463,13.920855964389268,86.07914403561074,37.72014520259575,0
11.945392491467576,88.05460750853243,28437.0,10.7841444621356,197.72589184966583,25.179467210298466,144.69833530681896,15.168132523744,47.84423144785322,70.53776903252769,2.702594922752842,13.920855964389268,86.07914403561074,49.54021553697,0
13.536289760044642,86.46371023995536,14718.0,10.7841444621356,247.77105734767025,12.708312931188772,150.5074419294085,15.168132523744,50.50731864627439,68.5345676967076,1.8962137318327303,13.920855964389268,86.07914403561074,37.40443008943463,0
14.707183068850526,85.29281693114947,35305.0,10.7841444621356,159.1183490102485,18.47241443800262,149.07102986935888,15.168132523744,50.50731864627439,58.47870259329942,3.1453886694471613,13.920855964389268,86.07914403561074,41.81276049318229,0
12.351742611540772,87.64825738845923,36248.0,10.7841444621356,209.0247050147493,20.334500130179816,144.47600063374392,15.168132523744,50.50731864627439,57.67043842551482,2.481420228790239,13.920855964389268,86.07914403561074,45.49713714236804,0
14.891290693292266,85.10870930670774,21722.0,10.7841444621356,231.66839378238345,12.970336589465562,157.0360487784452,15.168132523744,50.50731864627439,65.1725670098776,2.05919382028466,13.920855964389268,86.07914403561074,38.337567009608605,0
15.175549198515888,84.8244508014841,30873.0,10.7841444621356,187.61456102783723,15.606879433872589,156.5918735340772,15.168132523744,50.50731864627439,62.03995444623708,2.520106891386091,13.920855964389268,86.07914403561074,39.26481248249274,0
11.147665918873372,88.85233408112663,11236.0,220.7344648159752,649.5849873691808,-297.3135345932532,217.4042538346768,263.83523578608987,-3.046753324547742,130.78223114326505,7.54896886152505,72.51557445788906,27.485174314124837,107.7444410600061,0
10.922522641634163,89.07747735836583,-3869.0,234.0925505571605,852.763094666026,-220.25107785949783,213.39924748242657,269.33553446141144,-5.507598614370321,126.69958242436262,5.367829137432934,72.92434908928372,27.07565091071628,115.0407201846236,0
9.515081111688373,90.48491888831164,7502.0,217.6620039965744,-596.1948249619483,381.43663134718594,200.30926932349527,266.1575792178133,0.7250670492110023,138.8797013548775,-9.377676277476448,72.68992078837397,27.310858853614423,98.210234918682,1
11.282601861353484,88.71739813864652,8685.0,198.2485767984093,861.1419909044972,-297.3135345932532,211.0170119878757,244.79339743415144,-0.4976932313720534,134.8049375100097,5.3904611445537,70.99712443910762,29.00287556089237,101.17098195200832,0
18.141578676281224,81.85842132371877,30540.0,61.35934152666592,249.47289156626505,92.5273870028183,181.89571759685072,91.556207013192,19.966425571189088,123.035254405651,10.18198218513925,47.79600120547739,52.20399879452261,70.62342601990446,1
2.594258167950587,97.40574183204942,49614.0,284.9367157368678,-45.82106348425528,-297.3135345932532,314.6012006861064,411.36691537161465,-4.196469784200978,260.03467290500464,-18.80868767001002,82.07150214341354,17.92866981114231,96.72705753107287,0
6.6340809041778135,93.36572635669074,60479.0,10.7841444621356,-460.6832233050404,-6.224359215627235,199.32274360298825,15.168132523744,-17.336097730464754,184.5746150999545,26.75678218008052,82.07150214341354,17.92866981114231,136.90856555441334,0
2.594258167950587,97.40574183204942,-9828.0,284.9367157368678,-81.48109802993552,32.54969688425208,250.10964684111565,411.36691537161465,3.383185192781457,243.99475686883628,-18.80868767001002,82.07150214341354,17.92866981114231,93.1068749028145,0
46.5214494537061,53.4785505462939,33503.0,63.05235893335187,530.763155296673,323.610724557009,77.093192169484,70.34297535027639,5.499966833858039,82.50435979306002,17.607690435629106,41.29490823183644,58.70509176816356,91.26782242384964,0
46.2538187465078,53.7461812534922,26357.0,39.83554030249651,493.9340290719345,108.78480060195636,75.30457451363137,56.04537447609792,15.519732968727954,87.63130682766477,16.29715118751139,35.91590071964149,64.08361270734093,79.16016020594174,0
23.60527679377422,76.39472320622578,51605.0,147.84401062777127,226.0860757214244,-31.95518957259901,279.6418643454683,221.84895525315963,-17.274441717593447,125.57019159010991,12.81621514024677,68.92952474512707,31.070475254872925,131.9517415517044,0
17.14753588451088,82.85246411548913,11906.0,153.87198525363564,485.70089369414416,-31.613293051359516,283.2741128360885,241.4330862425059,-17.692792191652316,137.48982242999202,4.867091091042375,70.71174735476721,29.288341732806767,132.2074716520927,0
22.84120319779145,77.15879680220856,52035.0,162.56048427624194,210.99675578923816,-25.65054349203132,271.6244895611664,228.59940671565715,-20.69432003390764,128.4938911666352,12.834871105674106,69.56780871898172,30.43219128101828,140.95510369267328,0
22.13149294678929,77.86835971227262,122662.0,176.67452752939633,326.05587859878034,-19.763201389596635,252.6348464265402,251.37892633716552,-21.036358297717644,142.44560909270396,11.547279813959582,71.54069510018223,28.459304899817766,142.31012954873546,0
21.14172255014061,78.85827744985939,64734.0,129.62795525190865,316.88248377563144,-23.93106848332736,232.71443029759885,173.77041725294654,-21.80130444341305,176.72648258598846,8.779753147186124,63.4730439455749,36.52695605442509,141.4073142034214,0
20.90215686303068,79.09784313696933,112092.0,164.6604710006955,289.62371721778794,-19.31893495045896,238.33482134404508,219.8323204793721,-22.654061936698405,175.50114404477725,11.592168661427731,68.73361646186424,31.266383538135763,148.9631016292234,0
21.45668318630372,78.54331681369628,20325.0,128.46175916376524,395.59248069822087,-27.18614194917226,195.0848532852762,174.34817784463797,-20.249088224791805,143.50944671327045,7.700121744120223,63.54990762122535,36.44999816278827,138.0796632181729,0
8.71001155930524,91.28998844069476,29307.0,14.9875938189277,405.18067043970393,1.049154334038055,123.99139807545072,22.815913389791007,11.90156674606636,89.9302838785222,1.4788270847470286,18.57732663468313,81.42267336531687,86.44405595240654,0
6.589177265513091,93.41066804443936,29165.0,22.76155183400251,206.49014246654195,4.258765243902439,136.85227409838907,39.29804319448655,2.330758529108389,107.72641982260144,2.149516521179651,28.211482583153742,71.78851741684625,97.2140048282443,0
9.53887122405463,90.46112877594535,27442.0,31.772034581228127,98.87046662214352,2.721051090616308,147.91264333237234,47.634186966819605,6.050547447882009,107.3070993135088,5.629338795018446,32.2650469280584,67.73506379049392,92.29026350910952,0
9.175333981911422,90.82481946716344,25113.0,13.517432773835456,423.5814360770578,1.5419501133786848,117.42268468363405,21.22332803377336,7.580920793180508,89.88030204915896,1.3998683486334125,17.507609234222844,82.49228964638549,91.46775469325276,0
10.150721468648252,89.84927853135176,34182.0,18.37149197887799,160.77394961225357,0.939987398253758,135.6279360349861,28.025694355382825,8.467661149825783,97.85368333473502,3.613129324909808,21.890679442508716,78.10932055749129,90.11366482289212,0
10.4200616968436,89.57993830315641,17078.0,21.09003443940305,142.36162103570055,1.7126358844244187,127.07463904941162,31.604763895804183,5.132612222215985,103.97529720921004,4.225364598184803,24.01490870104574,75.98509129895426,93.88777407758462,0
10.130937486517968,89.86906251348204,24991.0,16.08381824456582,234.13456652098796,1.0299191963310768,133.27877604728417,25.225422095962458,12.180873873289118,96.65291242688888,2.622051724160905,20.144010436340768,79.85598956365924,86.02407314485518,0
45.28887904525952,54.71112095474048,18959.0,77.02041512757725,818.9694816053512,61.38307155322862,314.6012006861064,92.0640630115887,16.509479264708705,151.83407418090417,4.412286890877985,47.93415416530608,52.06608593765007,72.43727727872178,0
40.4959736163809,59.5040263836191,32054.0,70.4499667441031,878.782406810267,57.293300184866446,314.6012006861064,83.60773464686093,20.58915404262468,133.83469680717653,3.736709690479175,45.536063503896806,54.4639364961032,66.59241338773842,0
44.238326103597856,55.761673896402144,9891.0,94.55201399972287,1775.9404600811908,131.25216687853924,314.6012006861064,110.78101826430122,8.426947142891924,112.65917325848432,2.1738572623562438,52.55739780391011,47.44260219608989,84.71775172748747,0
40.41615235408217,59.58384764591783,30792.0,83.00870044402997,268.85367665263675,129.87579243280456,314.6012006861064,101.18054746033933,9.181679308891695,105.36478891707246,12.840838040333605,50.29340497260851,49.70659502739149,84.36828818810784,0
43.30911685531736,56.69088314468264,10148.0,66.19104957808418,925.2207293666028,62.79303147077714,314.6012006861064,83.52695930285132,19.38103907015824,167.01594071287258,3.719427165382437,45.51209240328412,54.48790759671589,69.68540346721397,0
45.8318958473299,54.1681041526701,-48.0,94.253683803795,424.4338250571369,142.62624951317667,314.6012006861064,113.7154463903422,7.528066553463883,99.99341782724748,10.05252879685036,53.2088102713202,46.79118972867981,86.53239271633754,0
44.226557326949525,55.77344267305048,11454.0,80.00209660088582,284.9623151021724,91.16974641860855,314.6012006861064,108.79733731687502,11.968470334249602,109.1418668938661,13.004691144482008,52.10653813809291,47.89321082953647,80.59758588974533,0
15.979288892771008,84.02071110722899,254109.0,114.5277521142776,138.408630176658,-16.39189083584791,132.10019750282666,157.0418925867554,-22.654061936698405,112.49955598258867,11.548157035538258,61.095835782391575,38.90416421760843,146.54533038352756,0
16.796217161832132,83.20378283816787,277595.0,96.99703045825694,109.10468726896347,-18.12085749433797,123.1604167852309,134.0205382265189,-22.654061936698405,106.86524010184566,12.647395943314557,57.26870779896868,42.73129220103132,141.00240601555066,1
16.46641955962713,83.53358044037287,204848.0,129.81317843112922,128.29558036056235,-21.150946007115863,143.7246162809386,174.518280814625,-22.654061936698405,127.21726836226294,12.461915873455268,63.57255345500019,36.42744654499982,150.4916025402466,0
18.49449313236198,81.50550686763802,153094.0,26.244248672381776,122.47113942592742,62.35648356596128,178.01717006150528,45.35478351483652,11.23284380353903,76.10016545730777,7.904325108640017,31.2028145329026,68.79718546709739,86.29216482421985,1
12.41205604574497,87.58794395425504,-23782.0,181.57502849393933,655.4410080183276,-54.66289152362413,314.6012006861064,220.7211254482076,-7.329252159477057,192.5045246243072,4.35770085107445,68.820264065783,31.17973593421701,116.89336641654955,0
8.627461773459832,91.37253822654016,22202.0,175.2203618573658,-250.86283946373325,-51.25654820897636,314.6012006861064,234.143435536249,-8.914693214268809,169.30217151125072,-15.335709164522797,70.07273243614219,29.927267563857814,118.7435729023612,0
7.919059906214302,92.0809400937857,-8679.0,284.9367157368678,-178.79968203497617,-14.62619029313886,314.6012006861064,411.36691537161465,-22.654061936698405,199.93808865704312,-18.80868767001002,80.91538606896636,19.08461393103364,150.4916025402466,1
2.594258167950587,97.40574183204942,361.0,81.53660939039072,-84.43813131313132,12.694990488268864,154.43311874105865,113.52011965999051,13.47218425369054,128.9957592479052,-11.5574039619131,53.16600601421542,46.83399398578458,78.20498645585715,0
2.594258167950587,97.40574183204942,-43.0,55.620720696145554,-83.59395706334482,20.12119713084343,142.668315916027,78.10633132382225,12.38455529858633,123.07315268658095,-10.292151995417225,43.85443629290408,56.147095311758136,81.9918934568616,0
29.625514672243646,70.37448532775635,1041.0,49.53632148377125,262.64,1.1239996403201151,210.25488530161428,55.5028513563929,19.057492931196983,135.37513887981177,3.331023823482385,35.69188587096222,64.30640047982178,72.0357097950459,1
13.361616515045483,86.64275717284815,3733.0,88.54090891688044,-597.5447452960074,11.866608921611087,130.0903166550035,117.44706918335312,16.26170857102613,129.7231455563331,-0.7159539032887936,54.01084583421367,45.98739347841397,72.57120793608364,0
2.594258167950587,97.40574183204942,-23782.0,284.9367157368678,-132.66596458843622,-4.60381932330911,74.83385168726937,411.36691537161465,-22.654061936698405,87.0479083157539,-18.80868767001002,82.07150214341354,17.92866981114231,150.4916025402466,1
2.594258167950587,97.40574183204942,37125.0,284.9367157368678,-164.66754917275694,-9.001227092595201,81.81152015281012,411.36691537161465,-22.654061936698405,86.28384987006183,-18.80868767001002,82.07150214341354,17.92866981114231,150.4916025402466,0
2.594258167950587,97.40574183204942,150839.0,284.9367157368678,-134.15797027414922,-13.788059978840163,77.85718992496811,411.36691537161465,-22.63937525056304,67.30334896078625,-18.80868767001002,82.07150214341354,17.92866981114231,144.75628255015476,0
2.594258167950587,97.40574183204942,-23782.0,188.9385459558656,-77.85136259458102,93.05184828038908,79.16950958481382,411.36691537161465,3.832961848729747,63.66390779749111,-18.80868767001002,82.07150214341354,17.92866981114231,95.01963112407606,0
35.14394863749927,64.85605136250072,2379.0,42.14433170817411,1380.6915544675644,80.5729066343799,209.93968247051305,77.83414591294418,22.43950330655569,107.38615565626634,3.58852725435938,43.767559323499086,56.23182320578447,70.59156753257263,1
22.138171815488786,77.86182818451121,21977.0,10.7841444621356,52.14493456131847,19.66553112418705,114.05928198617576,19.26896239506343,47.96019407862164,50.05149396427969,16.242655670265428,16.1558900221144,83.8441099778856,47.69156001943949,1
11.573355651259162,88.42606315275575,12984.0,111.67452300785634,92.11770381090209,381.43663134718594,141.0241254453414,137.0751964085297,0.1505439465237603,50.05149396427969,23.265993265993263,57.81929045513506,42.18070954486494,99.71360040095944,1
6.123050169596974,93.87694983040302,16085.0,156.64045018499235,302.2485068509193,-154.31602836879432,129.99445372660995,207.0901182326399,-8.476948471696371,118.88039926037804,5.044789566578786,67.43630144365439,32.56374665250716,117.30260438806354,0
4.98451776751415,95.01552229000843,199252.0,146.46653192947775,1722.927043656607,381.43663134718594,126.8636021326625,246.2328011508556,1.5561406996919072,98.80795822801542,1.0040568249681543,71.11769893909347,28.88230106090653,97.30291327189924,0
46.60182588459932,53.39817411540068,3092.0,24.62274747277433,418.5922974767596,0.0,176.33644608866877,24.905992088684865,44.94076709543731,146.1284981204129,7.354592957952826,19.93978965476796,80.06021034523204,44.02483564645727,0
39.77654736009492,60.22345263990509,-3568.0,25.94474230370114,-355.1257662227859,0.0,253.45016808384415,25.97500864752681,38.83406840452369,160.60625535561272,-10.227862331373228,20.619175919411028,79.38082408058898,51.09358115409552,0
43.49685351216075,56.50071676750006,809.0,17.79460033771605,1775.9404600811908,0.6488644871474919,179.51575673639962,17.842032367617204,45.15947255719599,93.42942877274828,1.2199518090576205,15.140635314195553,84.85936468580445,46.81028597436092,0
43.0698804713329,56.9301195286671,-2989.0,13.567602233288063,-463.9446036294173,0.3183376477996222,203.0505241741784,15.168132523744,47.451943826566186,91.94876939161888,-7.899502037120869,13.920855964389268,86.07914403561074,46.113970103112216,0
42.98429811640079,57.01570188359921,-2035.0,28.53303190153228,-597.5447452960074,0.0,208.87375810950576,28.653604621954283,40.54629231910656,152.6600745917824,-2.4642049736247174,22.271467062360887,77.72658049904331,47.90004516031913,0
46.75408337143095,53.24383857695025,1105.0,12.889137563917252,1113.5922330097087,0.2786044450072817,170.96338473047672,15.168132523744,43.48113376374874,82.56151032791654,2.8815218911735907,13.920855964389268,86.07914403561074,50.915306915306914,0
44.485390362270685,55.51460963772932,-809.0,17.075031671081423,-597.5447452960074,0.1499740953835246,195.81475664028676,17.118219509386158,45.07774568250261,99.5868825389154,-0.4779454105723828,14.616188310491058,85.38381168950893,47.22853771548623,0
14.587277797244496,85.4127222027555,33709.0,92.3257218531304,109.1089443248491,-96.65088024299104,108.13043452656127,140.56728707341264,-11.526422347573124,130.72831857625343,13.12717137743596,58.43158842728124,41.56841157271875,118.705146223312,0
15.59648826724438,84.40351173275562,35639.0,121.47999185733056,154.22187289467774,-79.65474722564736,131.1828160680028,190.7697906963833,-13.59225566653372,130.02247357417656,10.987668790751902,65.60853183526956,34.39146816473044,123.3458682233251,0
17.706895711896607,82.2931042881034,31132.0,114.43563621098858,98.83312821915312,-194.80605738575983,175.63576693890144,184.2428596799974,-6.414032257606439,105.00069005828962,17.71073833088461,64.81881722109723,35.181182778902766,110.73654485207776,0
14.455181003656234,85.54481899634376,41601.0,116.709380807982,169.76380904773808,-75.3573095069388,133.50507921839633,186.46711663243013,-13.172146429522655,144.92431395395556,10.43659721542926,65.09197943011681,34.9080205698832,122.22806983846496,0
20.653631966180235,79.34636803381976,29264.0,75.49916779197939,96.13588110403396,381.43663134718594,153.62462908011872,164.88835850893446,2.868815531770609,98.5919881305638,16.270451904657225,62.24824655832239,37.751753441677614,95.98754377586756,0
19.99011105374161,80.00988894625839,25892.0,67.05257606789388,98.41476655808904,180.0439149058709,176.49008042426203,134.54665865414097,7.263120467249159,97.83408010921598,14.119010534836091,57.364559966953735,42.635440033046265,89.82961493120895,0
16.983570310778457,83.01642968922154,27524.0,92.79953127142626,145.41529494306224,-297.3135345932532,144.31532379447762,191.4575464053754,-2.8201635168745733,116.93626819348115,11.549297530448658,65.68968577642714,34.31031422357286,104.1372385987481,0
7.608999615140751,92.3911388234382,24693.0,131.29203940663572,448.0406820221358,2.295489891135303,158.57198529228535,177.3208017212094,4.375900019871894,146.60292493029615,7.571056505492018,63.94067831214119,36.05932168785882,91.68980081370162,0
7.618318899218419,92.3815507505566,13705.0,110.41584044187104,389.366155907226,1.0962241169305724,160.50857443779947,156.30899245040848,6.005227073879541,149.85922827452802,8.611726022655986,60.98459166650257,39.01540833349744,89.4498564219662,1
3.765490337691269,96.23450966230874,61615.0,63.30137840220426,-316.41332943583745,-297.3135345932532,85.47164629261829,73.31166939002843,-3.2613484241285304,139.56971637391953,-2.5236895588891635,42.30048077434678,57.69951922565322,105.1379715004191,1
2.594258167950587,97.40574183204942,21965.0,74.008175721498,-151.857577887093,64.57612364917942,103.2852570491318,75.02072187476453,25.348193912257287,50.05149396427969,-18.80868767001002,42.863908382485896,57.1360916175141,56.08011711720112,0
4.534801404839962,95.46519859516005,5661.0,45.20624559467991,101.06658540301692,43.64114858906525,98.85306913544608,48.722074101314696,37.38776098950633,50.05149396427969,10.056388097208176,32.760654656727645,67.23986049650469,46.28422135545802,0
22.10772236175896,77.89227763824104,21453.0,105.202368399708,1775.9404600811908,112.24111675126905,216.43599250488376,117.86249222699868,19.55805739843089,188.0648566758362,3.9959985941006297,54.09962199338302,45.90062620531493,62.178182655941015,0
12.47003451694131,87.52982818416724,51551.0,37.75387337763852,251.11918660842,110.09009337946016,137.49904577270442,50.29453635885871,12.122757959802898,91.86164253409818,4.301960471258174,33.46398184347187,66.53601815652813,83.81043581320222,0
14.332482288058191,85.6676345068103,70901.0,41.3264231498322,104.96058257616248,204.80349344978163,118.9163129728732,70.79320030563879,6.349034889446391,83.47064127390499,9.204831798733474,41.44965969309817,58.55034030690183,91.62432238260074,0
13.025881287733473,86.97411871226652,84838.0,34.49524170616114,120.2930914166085,118.39216348589764,126.97730774717375,71.85895734597156,10.450099056208332,82.00310297222768,7.606445497630332,41.81275067397932,58.18724932602068,86.92563666032932,0
13.284268849437852,86.71573115056215,75805.0,40.02743927803932,154.6136379274754,134.34528924872225,136.93697008861523,83.23095929160198,9.470469304182444,78.9635426950762,6.843965007071737,45.42407004437743,54.57592995562257,87.8823985933958,0
9.955295290162947,90.04470470983705,28447.0,44.25352422974888,-597.5447452960074,235.30768751169023,137.69703773688167,52.87629777637702,6.4205695208091065,103.75890421612657,-0.4840747959817508,34.58767085724351,65.41242922021645,90.96366366281772,0
14.796300449709,85.203699550291,60430.0,41.31324780164336,196.05993762835627,170.9127745016461,106.104688808721,48.56897794435635,8.04591790200481,85.5938845151341,5.685598962087358,32.69122918004855,67.30886784873601,88.85479541902039,0
14.444226731980406,85.555633310007,64429.0,44.31593487166388,186.5981671757845,175.19832985386222,143.29404478656403,52.98567946085898,7.158641388707373,95.7331910426872,5.678073270954944,34.63440476754901,65.365595232451,89.92203744466227,0
18.230847238867888,81.77376233059832,1475.0,23.68987378584308,111.61048689138578,44.10695742471443,205.66792661565407,39.1263886465422,16.103678929765884,64.79279985249377,10.870703193160008,28.122909698996654,71.87709030100335,80.59152516753161,0
17.221301563129842,82.77869843687016,2248.0,26.424080777290914,337.9271070615034,73.1615925058548,172.0455054418417,39.86156093224106,9.69397021431166,63.44627580955794,5.5756652060709975,28.50072648020341,71.49927351979657,88.04792028214746,1
17.68193820354843,82.31806179645157,1585.0,28.477666362807657,129.87951807228916,56.00781504395962,205.04725066011952,42.87450622910969,13.062526584432158,64.15018298049752,10.088119112731691,30.00850701829009,69.99149298170991,83.68040798980026,0
5.414813672313479,94.58518632768651,35973.0,284.9367157368678,-265.71166327935487,20.80910638834584,314.6012006861064,407.9879264302103,29.35198690942477,260.03467290500464,-14.342535825779516,80.31434410146676,19.68547079424548,35.76007526364153,1
2.594258167950587,97.40574183204942,3791.0,284.9367157368678,-79.75942632431182,-297.3135345932532,285.7362118215776,411.36691537161465,-5.4433157406881945,188.70764667106133,-18.80868767001002,82.07150214341354,17.92866981114231,114.9499935056501,1
5.870699602765325,94.12827922840484,-4566.0,71.98217017287037,-192.740764639458,138.17096306215825,220.1286162141187,96.27119759198644,15.019232864314027,240.27821744769065,-10.196226787505964,49.05008925054682,50.94991074945319,76.28368005928749,0
7.589926973571866,92.41007302642814,845.0,80.17621913984124,-316.6905649555492,120.1236813386686,224.6323064096512,104.01640059321296,11.75469503643143,209.3434652898456,-6.083922184419436,50.98433277460405,49.01566722539596,80.63511742909874,1
15.01647601370412,84.98352398629588,24646.0,32.48031874699458,278.6268984949488,-46.41207069238474,132.66450802268756,56.11733186782991,-5.447681070139928,77.9011275644118,3.99835130864876,35.94561295432544,64.05438704567456,106.8788254590551,0
13.315789023008351,86.68421097699165,11794.0,49.59383506334461,1775.9404600811908,-18.68345523562633,132.43310280261792,66.31397966768809,-12.15566166658628,73.47485807090604,0.5411967292893316,39.87282753742021,60.127333236868765,117.320287640573,1
16.26913451897048,83.73086548102953,32940.0,30.81775928840521,259.69980531306913,-34.11138194150063,131.2611526301886,48.37378762354442,-6.706384248952127,78.43549298815215,4.197808165729456,32.60265064222727,67.39734935777274,108.46448834966698,0
17.352322696530457,82.64767730346955,45817.0,36.88878701804372,127.56760379318432,-38.1194997684113,132.826213599675,55.96742325111775,-7.229305642883983,73.92850116383947,8.658602751093097,35.88404686343157,64.11595313656844,109.46883680132548,0
56.331631212953226,43.66836878704678,-4205.0,50.57061340941512,-597.5447452960074,41.83174961078005,314.6012006861064,65.0121674918184,47.361997508200055,115.95032203433324,-14.395401527230009,39.398408299219405,60.6015917007806,35.76007526364153,1
53.77327347154364,46.22342532681896,-3976.0,52.86828289067326,-423.77260981912144,30.46075085324232,314.6012006861064,64.50741198270538,44.00431782982119,159.76280866235308,-18.80868767001002,39.21246538696203,60.78753461303796,35.76007526364153,0
2.594258167950587,97.40574183204942,-23782.0,112.60430368646496,-58.766018919800544,-11.29502715264768,85.7706337537095,301.93497251172045,-10.025940598435117,80.67349090394966,-12.062801443556276,75.12035357981097,24.879646420189022,111.25329049688762,1
4.091635184649732,95.90836481535028,-23782.0,284.9367157368678,-177.29918509895225,-67.56348621577654,105.76015443173576,356.3831131098254,-22.654061936698405,143.707925884143,-18.80868767001002,78.08858454060817,21.911415459391836,150.4916025402466,1
9.881055458241727,90.11934355062026,512.0,186.2654292400694,-314.147353856797,-76.68679443423471,183.9308956551925,211.58389369492863,-22.654061936698405,147.98155382031038,-7.140519546276915,67.90604947226153,32.09414870215574,150.4916025402466,0
14.75174742678503,85.24862122865486,-5429.0,259.6588542820433,1194.983818770227,-25.93856446572612,184.10798286489515,301.7083868681051,-22.654061936698405,133.34685684371956,2.7380266713924946,75.10648576035575,24.893734821229653,150.4916025402466,0
2.594258167950587,97.40574183204942,-9678.0,275.8752911969256,-97.42700140071112,-102.82903507562176,165.80688998563738,371.61148803754526,-19.607896160086533,180.68893753280412,-18.80868767001002,78.79610600324499,21.203893996755003,147.2433010020806,0
17.75569238236526,82.24430761763473,11939.0,230.61659320462567,136.21309170442117,-28.262318418583583,199.74110767086933,253.5977424653969,-22.654061936698405,139.46473795665295,15.61651188133305,71.71927645726245,28.28072354273755,150.4916025402466,0
8.031594101396832,91.96918407844052,5052.0,191.71891029294423,347.1403812824957,18.29636533084809,230.3273413485857,297.72597743075346,38.439492727663534,150.23213104548464,13.153995212584066,74.85706097298846,25.142939027011536,35.76007526364153,0
6.371242548200061,93.62875745179994,6671.0,270.3657341896158,990.597204574333,70.77018633540374,211.7909932516203,270.9589637531294,11.810446009389672,160.9263617398793,4.283226298029825,73.04284037558686,26.957159624413148,56.446464318563,1
43.107532362222464,56.892467637777536,48821.0,145.88829885341846,387.7900023917723,-11.959546313464688,189.831575210492,229.15223779326567,-22.654061936698405,214.03689872222844,13.626831741620263,69.6189057563475,30.381071739371624,145.62483049302634,0
43.114536490359946,56.88546350964005,232694.0,165.58221003362632,398.8892594666063,-11.796698232484433,206.8214915669137,244.1916279851024,-22.654061936698405,228.43687962682264,13.559220748177363,70.94640044615656,29.05357609167701,150.4916025402466,0
42.15905206308149,57.84094793691851,219777.0,164.99737717023172,637.1314107012333,-13.207854990082518,201.8910583750409,267.19507090779155,-22.654061936698405,253.99321654867904,9.877284466450623,72.76651896421791,27.233481035782088,147.3734522201793,0
43.057611727314,56.942388272686,283009.0,174.08465074348086,468.8292636110616,-13.29983475341622,195.31328273983263,266.07555280842064,-22.654061936698405,260.03467290500464,13.124527086420487,72.6832345856394,27.3167654143606,149.37321454011052,0
43.77607907833392,56.22392092166608,166585.0,161.08487273742497,524.1569441623602,-13.656282167090309,199.7978777453432,229.63225469797987,-22.654061936698405,260.03467290500464,11.046069118634378,69.66316294149571,30.336837058504283,146.9350901989242,1
8.33611939024477,91.66388060975524,16628.0,24.86336107144616,330.16028386149515,9.82999549230472,108.09372058338845,52.58341950202702,16.704225806625107,62.69709277925182,3.353603492704384,34.46207961103432,65.53792038896567,80.04394983036907,1
11.385358163365847,88.61464183663415,15682.0,21.094119109784906,160.024646378054,6.718296224588577,107.3067015751024,54.64751958224543,20.762483619144096,56.10148079332235,7.7350905549338975,35.33682255613709,64.6631774438629,75.95818166584432,0
11.111498675774596,88.88850132422542,341854.0,54.99750185637349,28.093239289832063,-37.050013086202384,125.37460754628738,221.20822174849044,-3.436253046037321,105.94880812594968,16.00105309392298,68.86754658531092,31.13245341468908,104.14616184818846,1
59.520743864735046,40.47925613526496,4743.0,25.647426352515257,1205.8102165087955,91.95067779735008,103.03783317013746,26.36784327464892,45.25065124849101,66.92224809369242,8.630404951680243,20.86594389154908,79.13405610845092,43.22745686312876,1
17.132727045084625,82.86727295491538,104507.0,165.3983637091708,345.74461784476887,-73.57331340105777,94.91715799537886,219.805217467974,-20.28665855650633,99.7735354041226,12.405905929809222,68.73096668286401,31.269033317135985,142.0174305312672,0
17.92525781823619,82.07474218176381,124064.0,139.12679379009484,188.52139553679672,-161.93283926486956,96.96016342808429,206.85891205811615,-10.21640348872554,109.875233492603,18.95362315387064,67.41173351319809,32.588266486801906,118.69058539872222,1
22.365846280297333,77.63408838324276,154422.0,149.80424705587572,180.3251033861524,-78.15676612096097,95.0089510950064,216.1407810430612,-17.60574443573246,98.16258520691076,26.75678218008052,68.36852250757896,31.631477492421045,133.46150897565738,0
2.67895969749409,97.3210403025059,-5872.0,72.2898086117847,-139.6204441385882,-200.60759148006557,83.34987177858228,187.79198005288177,-3.486490088923587,73.68336378554721,-18.80868767001002,65.25268008454405,34.74731991545595,104.65602680203304,0
10.000510751315185,89.99948924868481,12122.0,59.92051284595766,560.1790489477968,-297.3135345932532,81.55931495920153,102.62972482162527,-0.5822950948127252,63.972438802305774,4.26759682845263,50.64889907538004,49.35110092461997,100.82678821635568,0
10.889377051291287,89.11062294870871,42249.0,55.2566915483529,331.3054037644202,381.43663134718594,80.60647706002916,109.4229228822512,1.1864463151981908,60.536689083642855,6.373271728909578,52.249831853893966,47.75035292204672,98.38805625487888,0
10.76768115890386,89.23231884109613,22350.0,123.33057552352972,482.6402725110868,-220.7354412344257,95.6644502487828,154.1538065206514,-6.430064014097137,75.26448540739446,7.708160970220608,60.65374689091093,39.34625310908907,112.49185815774725,0
8.891650683054761,91.10834931694524,-12167.0,68.35810906016627,-597.5447452960074,-297.3135345932532,72.478510196892,147.93105067869053,-1.3777033699031724,68.97381297216893,-5.195270302005542,59.666064404909335,40.33369879492395,101.90215880966316,0
10.779520023950688,89.22047997604932,41648.0,98.39747645898072,231.02180194378772,-297.3135345932532,87.51757542060722,136.00217481989773,-2.383652457831277,65.00653297763711,14.275067845944008,57.62750912091644,42.37249087908356,104.08813921881864,0
10.05461598560743,89.9452601966968,27920.0,119.34803415944172,249.40407039284025,-76.0212324024925,83.43074071460144,137.65530186873335,-11.859721288143016,63.3056415056727,10.798416548186555,57.92225159141029,42.077748408589706,123.82416702012348,0
9.70614425645592,90.29385574354409,6119.0,147.3983985912005,572.7434891188013,41.52807030285424,197.6943210537423,172.8971191150978,13.88297925972232,178.69460929899785,7.7126269157747025,63.35615402454149,36.64384597545852,69.81144485858366,1
17.90060700884184,82.09939299115815,201040.0,112.61306070532524,171.64031452011804,-53.60529230619424,124.4295291452477,222.05439866535585,-13.2170631179637,125.87485760497611,15.188053484206147,68.94934507511286,31.050654924887144,120.32365413646362,1
10.203797439659052,89.79631050961774,76201.0,282.2883049949424,166.47965944010602,70.45592465618473,305.48326732235057,352.3893959828525,16.88727641510878,260.03467290500464,10.678375319107944,77.89514942481313,22.10485057518688,55.08773792773899,1
2.594258167950587,97.40574183204942,-20891.0,10.7841444621356,-93.46935282509766,-41.52418070572458,314.6012006861064,15.168132523744,-12.298034850101272,260.03467290500464,26.75678218008052,82.07150214341354,17.92866981114231,136.74978053626157,0
25.61900413946092,74.38099586053907,51942.0,10.7841444621356,82.95879740049452,-17.497649082289428,314.6012006861064,15.168132523744,-22.654061936698405,127.2480244874698,-16.509820780243558,82.07150214341354,17.92866981114231,150.4916025402466,1
13.831032731417343,86.16896726858265,51001.0,284.9367157368678,-597.5447452960074,132.02198305472865,314.6012006861064,411.36691537161465,8.53799050595789,162.89198656121013,-0.1947816633448088,82.07150214341354,17.92866981114231,87.00790759204203,0
40.56014597884234,59.43999895646578,54615.0,174.27295447000682,1036.9083891935811,-45.19187358916479,130.04748080694182,351.4284103649791,-13.21527530146978,165.42845775787976,15.417812380600427,77.8480933623229,22.151906637677097,121.52470016068268,0
41.05390928768991,58.94596544674711,64900.0,145.2083839851635,599.4515110124637,-61.85705376752257,102.1011857638193,323.03616964735016,-9.85877843210111,147.28954132761453,26.493121717054635,76.3613593411264,23.638640658873594,115.01152901383684,1
40.06104419874345,59.93895580125656,55264.0,245.26032579867967,809.8576190921269,-23.75072919844366,124.78736042141072,356.83007726375126,-22.654061936698405,151.17222694724134,20.512279759964724,78.10991347653655,21.88994663104073,150.4916025402466,0
40.09223958031818,59.90776041968182,75120.0,155.88288253527284,557.5562337515543,-70.28520971302429,117.60966889133316,344.0251572327044,-8.200959349310901,140.69491193683822,26.75678218008052,77.47875354107649,22.521246458923518,112.63739574661824,0
10.837792520671664,89.16220747932833,72181.0,39.62425548092764,97.05858074457254,63.72040688239651,155.90636009249283,63.51827743920001,31.150890455716755,56.55553504194864,10.46733332565293,38.84468852984537,61.15513533412125,58.88647379493916,0
7.135900417009579,92.86409958299042,46108.0,55.688822050194766,238.4716006884682,97.33582878997478,136.34342255567506,79.10020462501849,21.145166757574767,50.05149396427969,4.476172279473399,44.16533459056081,55.83466540943919,69.3131734358808,0
9.332041980894228,90.66795801910575,51500.0,44.56050669252728,120.32591725214677,78.26225371708858,144.1778511932152,60.140151328369406,29.016690986661924,68.22799764139896,8.422229162215027,37.55463445593063,62.44519447727976,59.79639966343135,0
9.594601799961271,90.40539820003872,8576.0,37.58854109406166,95.13441013640774,78.16015328171109,138.4704749102685,58.52821535706993,35.41946339200058,75.4878192517841,9.172674111186147,36.91974657334067,63.08025342665934,53.57202378246876,0
11.633576759264074,88.36656375984161,44854.0,46.14626374341695,71.00425496757137,84.91337072326584,138.3887447006732,95.40775365845342,30.43323080632548,50.05149396427969,15.007020882864396,48.8249580030552,51.17504199694481,60.157912990025565,0
6.27755161033893,93.72258221654796,47379.0,90.01591523912364,166.88666363222578,156.67824397514204,143.05717486088693,134.59438715041972,12.052213910879022,64.9266963227048,6.612913542250633,57.37323419597378,42.62676580402622,80.44396445161543,0
10.910106053929765,89.08989394607023,36551.0,67.09744609339866,65.48308442548003,98.35100668005794,154.14878409004467,111.86536959454662,20.498996930943843,61.5410113948051,15.53172856162276,52.80021449877669,47.19978550122331,69.99983650246064,0
7.872194152582029,92.12780584741796,-4027.0,131.95316804084112,-251.8706316302284,80.38539868568488,280.8541381933322,173.2360780407354,22.713812565131708,118.19162631441158,-11.815002719373568,63.401611999023245,36.59838800097676,56.072301578063424,0
2.594258167950587,97.40574183204942,48534.0,233.5737753718261,223.46191190749408,164.39406419020946,96.22673715819138,247.0000330757103,11.572693932699938,84.05395318808488,9.367868049966372,71.18161548427274,28.81846394832433,64.59594425476593,0
2.686630994262208,97.3133690057378,-23782.0,238.48806574138845,150.78315280885528,186.592451699475,79.6627020997843,258.9662205892928,13.979425790701082,66.15176300082648,16.507586802037093,72.14222557324861,27.85777442675139,58.3481200518756,0
2.99637486803716,97.00362513196283,47005.0,233.16225892135355,249.82612689456076,238.7935266464201,120.5468087683178,249.7364591754244,7.937278428513311,111.51854420365255,7.040535858644185,71.40704168053553,28.59295831946448,76.18722112587872,0
2.594258167950587,97.40574183204942,77567.0,171.1808715928955,460.2842047731828,101.12594429387003,104.23491028631176,189.06109360462867,12.11153282258454,90.18494729564298,3.693914529857011,65.40519902149487,34.594742775725486,70.3007164673308,0
2.594258167950587,97.40574183204942,-23782.0,171.810974750458,222.7254035159864,93.13437931082532,97.5981890562652,188.8451955107928,14.899774739704982,80.04725242066291,5.8330909625169785,65.3794130775539,34.62063882573988,63.22677174230507,0
2.594258167950587,97.40574183204942,27963.0,284.9367157368678,368.5271963622479,324.7423013539277,107.63303058304012,367.1244974433038,3.2324644002753344,97.71591736776764,7.028231000429369,78.59243080863314,21.407569191366864,88.6623583115351,0
2.594258167950587,97.40574183204942,74814.0,186.5438307182393,350.37106542693846,236.8809492400941,118.37779276848354,206.95115679135304,9.576618399373398,101.8844928318356,4.785132333012229,67.421571743354,32.57849474662663,75.58660060647459,0
