종업원수,당좌자산회전률,1회전기간,비유동장기적합률,유동자산회전률,단기차입금 대 총차입금비율,매출원가 대 매출액 비율,매출액총이익률,매출액영업이익률,총자본영업이익률,재고자산 대 순운전자본비율,유동부채비율,target
157.0,98.34408891279016,152.39034837886487,80.91703196493137,87.5363995372771,83.27966311617537,70.66007427829297,29.339925721707036,-5.311125794618241,-4.486920367269157,44.34009726647661,81.11137236460537,1
194.0,171.11142307075244,270.77581660279174,52.54281529604548,82.85717060285891,98.22107081174438,87.33166906930137,12.667158913774715,1.5494063734280323,1.4727179555733798,85.31442889445701,32.765897137098044,1
58.0,164.28898033836305,193.6745059838575,147.23113530663014,100.05569479253693,38.41015364061457,79.41831338714167,20.58168661285833,-17.979404397439467,-7.142857142857142,-26.663314898609013,239.88082843459176,0
31.0,29.655519772890305,454.15434605403874,65.68303230730093,26.91918702115574,100.0,52.66598044261451,47.33401955738549,17.179619145651053,6.470873315886401,43.45730878537008,121.4329083181542,0
11.0,167.4795460543679,144.13717209282785,113.18959382166108,121.49567304010417,49.00591625828403,84.45691113282275,15.54308886717724,7.780474224421402,6.189668285262973,-93.7250199840128,79.15551537070525,0
38.0,61.53220639692475,106.49913900124142,103.1802645266756,51.76516926138601,98.52380952380952,85.72744383484843,14.272556165151576,-18.377317688518684,-11.361160625866509,-209.51325547694145,202.99969852276152,0
69.0,170.15886915186388,113.77320345524724,105.01752444198486,96.26680820948336,73.30960854092527,90.11211174416468,9.887888255835325,-1.6798382650248116,-1.840886203423968,-209.51325547694145,162.12173913043478,1
30.0,25.975623550704142,-35.36035885147429,21.610944234034218,25.02048675727936,93.08755760368663,76.55894548329327,23.44105451670673,9.782029976928412,3.3808424503998125,0.0,38.23069539909592,1
142.0,115.3317792023978,-5.151236238946069,85.33395068873713,110.99314931292815,100.0,71.24706731636888,28.75293268363112,-5.923118570655117,-8.489394723228143,23.677979479084453,126.15057823932028,1
99.0,69.12829631329137,168.8109857285098,72.11441390914189,56.3302602213108,51.84190902311707,65.89155326916695,34.10844673083306,-6.426319283106538,-3.7301033062826594,55.67176186645213,39.84678026282781,1
73.0,25.975623550704142,-35.36035885147429,47.672947698158566,23.60213856092671,91.41152998443587,65.66725359232383,34.33263711053329,11.05485951491742,2.0025266939213826,6.43866448328626,239.88082843459176,1
471.0,285.70452264784245,72.34512641628001,147.23113530663014,192.7037340419156,86.60156017388198,93.44494240806172,6.555057591938257,1.296336016316148,2.664119835126169,-85.53002054638156,239.88082843459176,1
60.0,27.796271216474487,454.15434605403874,89.0083791428724,23.60213856092671,100.0,97.00646686600376,2.993533133996245,-35.86855787506087,-12.183411053432044,139.18426802621994,115.83771434862788,1
93.0,178.0563503224868,272.5628909406178,76.69477925968191,94.11960729025148,25.41554198039494,83.93841181650643,16.060680338807636,2.885130411889134,2.2450796162595195,106.499120189733,37.98603929679421,1
80.0,174.3754365627833,266.7101898885214,72.42706456551713,96.19032784331728,21.61380046638384,84.68959874544029,15.31125353697201,4.354310844441415,3.472486542330488,83.83643168292532,37.47488235217859,0
79.0,184.1369047619048,291.57692396499573,94.10456062291436,92.2030458293711,78.57981896492157,82.63255520407613,17.367444795923863,7.133236355799795,5.938284894151417,250.59625212947188,69.12059472762793,0
121.0,129.52630178302138,196.454816285998,74.02481337398802,96.2873817138712,0.0,85.99458959695922,14.005410403040782,6.153477382460706,4.255168004546423,39.977739552767375,11.209573784536303,0
121.0,172.07128138594214,151.20306921251637,122.84553851228766,129.94351910552706,56.971303295049246,86.68751247421994,13.312487525780051,2.973854034994345,1.768079636099941,-34.57859592131384,79.1277168407953,0
109.0,98.67284893244856,202.72756689833705,112.51652203896327,77.44557519231189,52.7954950295926,91.53605897746138,8.461127212358255,-5.005768310869748,-2.3050012956724544,-71.38047138047138,71.78742850573391,0
117.0,57.79435954895463,342.5817761828157,112.0296797219874,45.621859651103705,61.257452839409645,91.52745122303344,8.472548776966548,-33.015715876747926,-9.191020267554688,-81.33687334062158,91.79140904653434,0
110.0,68.45505617977527,231.16595345565383,61.01277955271566,57.596731717199,0.0,97.00646686600376,2.993533133996245,-16.566035523770445,-8.454496499730748,20.798164385806768,7.360731225980681,0
110.0,83.0264969029594,280.73722930266297,60.10335917312661,65.74474607445757,0.0,93.56543363382032,6.43456636617967,-3.4556004559113043,-1.902398676592225,16.459650994437247,7.114936110107414,0
111.0,74.52569818385348,365.4820790386906,117.434757394162,57.958093179634965,60.96069461301465,81.46786139742062,18.532138602579376,-10.317501424353862,-4.608870687860068,-66.34881915955205,100.02017000432215,0
152.0,95.49223899638528,52.87303001063856,58.12167749556999,82.02906197994886,56.12722170252572,66.47863628491551,33.52136371508449,0.222667557336896,0.174533607415739,25.65951000365669,13.001865340202524,0
160.0,108.0146049667245,58.21693996931339,58.772328367488456,88.7602672681619,0.0,69.97266973532797,30.02972765630993,-8.273398542385884,-7.409713574097136,20.09744214372716,11.57497565725414,1
161.0,75.63069581882897,41.95239572828588,57.55336269693376,68.91740176423417,60.72874493927125,67.7009800118946,32.301605771468466,-3.679569725648385,-2.765577020251098,10.15165120223486,9.086808017013595,0
282.0,72.30599328887567,115.68803971097928,120.54308612382268,70.52803844799371,52.90909090909091,9.081830464665453,90.91816953533454,12.127709569406097,3.4234592775000205,-5.462902940656491,56.67442068533596,0
247.0,83.62679252132872,97.48122422400698,147.23113530663014,80.22777932571748,51.53386323326545,8.57823337697429,91.42176662302572,0.9941393531582376,0.2564705618833227,-0.69724877255164,129.7706393735742,1
668.0,205.59678453537248,-23.36196466059677,95.63030242539176,174.07951983471696,88.32755489516262,97.00646686600376,2.993533133996245,-5.68295028284806,-15.740914780702983,250.59625212947188,239.88082843459176,0
527.0,74.72422042934578,-29.573484877213687,147.23113530663014,72.31779413665978,90.39509813204204,97.00646686600376,2.993533133996245,-9.124595723472147,-14.76549487157009,-3.947751207307849,239.88082843459176,0
668.0,285.70452264784245,-24.197932717242395,136.62152666325443,192.7037340419156,97.27238012110632,95.55952385437348,4.44047614562652,2.5127117420203917,5.664982092552483,-128.219827075684,239.88082843459176,0
70.0,285.70452264784245,-27.63792526071022,147.23113530663014,192.7037340419156,78.20771148526349,97.00646686600376,2.993533133996245,-11.655511900775252,-15.980069158929396,-3.7340212095156207,239.88082843459176,0
95.0,104.19809142681238,129.19697920898113,21.610944234034218,81.44550048123196,0.0,62.22349422061376,37.77650577938624,9.867424941836848,16.570475564764745,37.89956206769533,8.188450262494035,1
234.0,162.75703425253175,0.4152159674583799,76.85687078816291,160.86172955887653,0.0,54.831259264366224,45.16874073563377,10.358854148712467,9.91667354178698,1.574740840389333,10.981907412833284,0
224.0,153.01011632313927,-7.663859461931253,82.27877792763736,150.1817037227802,0.0,58.80458806493407,41.19541193506592,7.729974849477935,6.815509189261835,2.4376792411206707,16.35489356711429,0
225.0,118.4766260790737,13.18963568385358,63.77576455622217,117.59713701431494,0.0,53.42491957221112,46.57508042778889,9.759151378141032,8.330735545164403,0.7782839787395597,15.805126265665024,0
223.0,110.03800336183583,-32.98733105303357,95.51434549571498,107.61176428545902,85.61675538069892,51.889549364062034,48.10879022349152,9.917643542655997,6.467925672456361,34.185303514377,36.1849488568955,1
18.0,107.52970972141048,231.7497055892744,25.33302710151585,65.95172661010874,100.0,87.23616269589637,12.77289609566084,-12.002898813298303,-15.980069158929396,70.8,102.52991452991454,0
16.0,106.32480638347803,378.2126696832579,61.67557932263814,55.720566983365615,100.0,97.00646686600376,2.993533133996245,-35.86855787506087,-15.980069158929396,250.59625212947188,239.88082843459176,0
11.0,25.975623550704142,454.15434605403874,41.783684386492816,23.60213856092671,0.0,40.43767840152236,59.65746907706946,-35.86855787506087,-15.980069158929396,6.762383345297918,6.72802665324417,0
34.0,25.975623550704142,415.49833682395047,147.23113530663014,23.60213856092671,98.365478914678,97.00646686600376,2.993533133996245,-35.86855787506087,-15.980069158929396,-83.22132097334878,239.88082843459176,0
11.0,25.975623550704142,454.15434605403874,21.610944234034218,23.60213856092671,77.74991042637048,97.00646686600376,2.993533133996245,-35.86855787506087,-15.980069158929396,-15.858617453862998,6.72802665324417,0
20.0,133.43109470770446,138.31616902521552,147.23113530663014,94.62946084273996,100.0,95.39403818132423,4.605961818675755,-11.254352819144996,-14.0674198925727,-37.37726203034975,239.88082843459176,0
110.0,128.83269336258914,289.339995401555,147.23113530663014,88.76785849270541,54.68871775226874,97.00646686600376,2.993533133996245,-14.129148180633733,-8.928782839860945,-28.727686899829152,239.88082843459176,0
284.0,51.8449292642841,41.48222277473893,22.36168225302512,51.28662875213588,0.0,68.77672799602188,31.22327200397812,5.7943809050223765,4.620020418884494,1.254304324376651,8.584974632784634,1
20.0,91.70573788792142,191.7194157029824,77.6587001545087,66.70185125040598,0.0,83.16494217894096,16.83505782105904,3.079732197200244,0.8203897662051299,26.16244849911713,6.72802665324417,0
23.0,59.46899479758416,137.30165912518854,21.610944234034218,48.97808421571042,0.0,93.0718954248366,6.923076923076923,-7.893413775766716,-7.2786277236903105,20.85446110691553,8.064180037507814,0
25.0,65.56561757719716,307.7685950413222,76.79728649036208,45.676905574516496,0.0,97.00646686600376,2.993533133996245,-24.736782520095097,-5.989419149694362,34.90610886617542,6.72802665324417,0
24.0,71.46444620671424,355.6842981320511,81.94534932740581,46.515829318651065,0.0,97.00646686600376,2.993533133996245,-35.86855787506087,-9.93505022279284,33.53852685204839,6.72802665324417,0
25.0,116.27143003798378,213.30875860851137,81.82134772766847,74.72948007389813,0.0,95.4264524103832,4.573547589616811,-14.49761610453823,-4.729535111469555,39.55307262569833,6.72802665324417,0
23.0,88.5341688542637,109.11597321855572,22.4635688754468,69.72556604088166,0.0,88.32137733142036,11.683405069344811,2.300334768053563,1.832799878067368,16.70803992096864,6.72802665324417,0
20.0,110.71005917159763,128.75467664350612,70.00191387559809,78.5144775493076,0.0,88.52408948614186,11.46827517752157,-3.787126822936551,-1.7871941772060678,39.21143294628047,6.72802665324417,0
223.0,189.618128330686,-13.326476594563516,78.84820436035301,165.627873374491,73.2865513012672,83.41792731526458,16.58207268473541,10.448678549477568,15.999149950287272,37.968574033356575,52.02310069564595,1
47.0,26.072351421188632,454.15434605403874,49.63701376097085,23.60213856092671,10.4675505931612,53.716551040634286,46.33300297324083,-35.86855787506087,-15.980069158929396,21.019793459552496,26.239542950418283,1
668.0,232.2438906945949,127.7807438123623,90.64224949672057,137.1789174295618,21.40270003292723,62.62537255410133,37.3733316055462,-15.72243099650123,-15.980069158929396,250.59625212947188,64.42022298156786,1
279.0,61.40733873620623,454.15434605403874,99.9179962981186,38.733164824386016,50.6412364353831,44.07811434693679,55.92188565306321,-21.169767215350152,-6.380261844654495,250.59625212947188,80.99481271679979,0
284.0,65.7172705778853,454.15434605403874,114.45698562443845,43.73616320556216,80.09950248756219,39.1022423025435,60.89775769745649,-15.25686077643909,-5.214916921669002,-170.34375606913963,116.18647797677488,1
519.0,285.70452264784245,37.28295990978256,97.98447240601216,192.7037340419156,97.28407774488352,68.21689874552789,31.78279728739783,3.6102169413009184,5.507024620948672,250.59625212947188,42.12532693203397,1
150.0,69.1283151326053,107.5879432424046,26.623376623376625,67.93989688943404,0.0,73.04860503822393,26.954215915822733,16.008914214787442,15.348623356953537,2.3047799337434927,29.057247432571693,1
228.0,220.95648604269292,454.15434605403874,122.19500426827004,58.53788513197533,100.0,85.5290292614956,14.469112865768691,0.8323269856014862,0.5626726953026877,-209.51325547694145,239.88082843459176,1
218.0,207.2326176876108,454.15434605403874,48.81306070138646,58.65902476555792,6.447936369368058,83.09888605862449,16.90111394137551,3.271489944112839,2.184869682235397,93.33940307849888,43.30590554555584,0
206.0,181.7199232297384,454.15434605403874,49.97387290620373,55.77038338327994,6.253320705028992,87.65958235283217,12.342270562730455,-8.527117419259204,-5.83573212949695,91.36805454809227,45.47902688392898,0
55.0,124.38758634108376,46.28658355362981,98.9306784660767,116.80796638041294,83.25157070315862,95.6858389776158,4.312596787060645,-9.246194997575437,-11.880213043915184,250.59625212947188,149.33737825323328,1
218.0,170.8173941570348,181.8534605452232,104.91811831238688,119.153709417077,72.93738764688327,81.13461848436316,18.86538151563684,8.088152078110477,4.549619675407477,-183.0796159762372,45.35407519877994,1
166.0,38.555556212562905,170.35833691184598,21.610944234034218,37.47980985336636,100.0,97.00646686600376,2.993533133996245,-35.86855787506087,-15.980069158929396,-0.6330042549623761,6.72802665324417,0
58.0,60.52261421464921,96.54665180258483,21.610944234034218,56.95652173913044,100.0,89.12213740458014,10.877862595419847,4.823898420376389,4.64316892186818,6.612517683789452,15.293767156810588,0
58.0,35.21181979075655,148.9144265945602,21.610944234034218,33.214289487864924,100.0,88.85000795291872,11.14999204708128,1.9309686655002385,1.1435138088240837,6.303955981405938,8.927049333693686,1
668.0,151.73631758814133,185.26981256502148,118.42705571891123,111.50956410026905,20.30538522796932,83.2701415087658,16.7298584912342,4.769054735294719,2.0531970543354228,-43.6895004062846,104.03685371274968,1
44.0,96.7917123037605,33.49002781837896,147.23113530663014,95.8209090087648,100.0,97.00646686600376,2.993533133996245,-35.86855787506087,-15.980069158929396,-0.8997429305912596,220.26330224904004,1
668.0,248.6201462685361,44.67662641595294,82.76318484786411,192.7037340419156,49.34894466029613,86.76033219027806,13.239667809721928,2.76202239521542,4.011140088979101,57.83892494743578,45.15663468885304,1
11.0,234.60061803539656,-35.36035885147429,147.23113530663014,129.13251894232255,73.2421875,68.21139184927952,31.78860815072047,7.220692132678722,4.486162087094535,-28.61819434872502,110.92186621697584,0
668.0,182.18772932073256,83.96223729977021,86.27766895011571,139.39571696898022,59.143180697065,86.12942142762621,13.870578572373788,6.873438641488098,9.431999077477323,149.4805187491905,95.9441200431186,1
668.0,179.32786093329418,79.87486232181553,94.94753347294326,137.777452348809,60.272155573546605,86.46389277510062,13.536107224899393,6.645853843895193,8.854707179029422,250.59625212947188,107.02025360080358,0
42.0,39.59947708455695,73.18860341610447,40.89578826822751,37.894336064979335,0.0,92.0482273575427,7.951772642457298,-6.870484665805464,-3.4482758620689653,5.222820236813779,6.72802665324417,0
82.0,78.74059415924073,144.68657958765527,41.66581047296141,72.59627675645525,0.0,95.4203483160456,4.579651683954412,-2.085734409015239,-1.9844352050684575,7.9813309067425955,12.455192522082154,0
49.0,39.7658781312058,105.59225512528477,35.049019607843135,37.63456814547373,0.0,96.91606798668302,3.083932013316979,-10.640441562992816,-5.499456620177504,4.298927118017018,6.72802665324417,0
74.0,61.44271753399349,76.16361574171768,40.77656622503616,58.54863867311168,0.0,90.37244144334248,9.624920869381723,0.989132728423718,0.6901755806677219,4.7350359664752855,6.72802665324417,0
80.0,52.81996455822264,164.32387844507292,44.13446924246061,49.66742408593266,0.0,97.00646686600376,2.993533133996245,-13.550158043586755,-9.159403992128198,5.781277966708431,6.744354546552349,0
57.0,54.35843619342696,94.69218275978302,37.697072701657085,50.9452813987979,100.0,92.31759262096652,7.679342996353385,-2.215548677718873,-1.5083554127636492,7.498474460676981,7.227940845956758,0
67.0,46.01214350259199,108.9189980705623,34.50673140587067,43.679925354041565,0.0,97.00646686600376,2.993533133996245,-12.334619625137815,-7.36398230998663,6.513900589721988,7.315345625179841,0
106.0,53.5218124597917,454.15434605403874,59.72436819578383,33.0925197273646,66.98430055455754,46.47521278669352,53.52478721330648,5.142615814437009,1.9167897706633088,78.04039156892142,53.90358974358974,1
11.0,135.59402359631838,55.36671510825775,107.88451111512742,122.91360481154044,52.47531101705785,76.39300233623369,23.6069976637663,5.389893489818068,6.694235646233635,-90.37249283667622,147.0904146838885,0
131.0,70.3140929171319,-35.36035885147429,43.48248352410683,70.3140929171319,100.0,8.57823337697429,91.42176662302572,-18.371996685998344,-15.980069158929396,0.0,62.72393538913362,0
92.0,58.439457797015606,16.69051146109466,34.240338032273336,58.439457797015606,31.02625298329356,8.57823337697429,91.42176662302572,-7.492593170123188,-5.776281781571196,0.0,25.473721062535557,0
102.0,52.55988921270747,-20.755436706122907,37.07206541549677,52.55988921270747,100.0,8.57823337697429,91.42176662302572,-11.561602894333245,-9.178035151250272,0.0,59.66232709519935,0
118.0,91.29656274980016,-35.36035885147429,50.53238253394549,91.29656274980016,100.0,8.57823337697429,91.42176662302572,-18.18372850488565,-15.980069158929396,0.0,101.52500799829367,1
149.0,25.975623550704142,-35.36035885147429,46.58391797085807,23.60213856092671,0.0,8.57823337697429,91.42176662302572,-35.86855787506087,-15.980069158929396,0.0,239.88082843459176,0
152.0,25.975623550704142,28.54289732770745,21.610944234034218,23.60213856092671,0.0,8.57823337697429,91.42176662302572,-35.86855787506087,-15.980069158929396,0.0,6.72802665324417,0
95.0,140.08625505575293,-10.410272770776857,119.772794572913,109.2407688152369,77.3055760860639,80.569468814803,19.430531185197,3.7565799968096982,3.1609041125308703,-81.75878028859243,132.83789069444938,1
11.0,47.85590239123659,-35.36035885147429,145.32202356765544,44.2883046237534,85.10375154596674,85.16795384758538,14.832046152414629,-35.86855787506087,-14.964406831444196,-6.634539952930629,75.30600461893765,0
14.0,128.50970694408915,56.35940368494394,112.83936379799144,108.2172435253004,92.5670703151134,97.00646686600376,2.993533133996245,-19.23204529871049,-12.955954225771842,-22.77320359281437,63.34965330417278,0
60.0,25.975623550704142,454.15434605403874,73.90862944162436,23.60213856092671,100.0,97.00646686600376,2.993533133996245,-35.86855787506087,-15.980069158929396,112.33345124395709,64.1102152244302,1
82.0,25.975623550704142,135.99585809472356,49.02582635738958,23.60213856092671,0.0,72.85551353622667,27.144486463773337,-17.155891710186687,-3.351588427755561,9.708691038873347,6.72802665324417,1
123.0,127.4742904154669,88.32601890993578,147.23113530663014,110.45015504152262,79.75872398996032,94.36251573138856,5.637484268611443,-28.82313078834425,-14.877987840426416,-4.2161348236520535,239.88082843459176,1
123.0,216.5010002696652,42.33025612207658,100.37107542901283,152.1127629387453,89.50613191912495,90.82137498334424,9.178914681976444,1.324639511508403,2.554077979524929,-209.51325547694145,166.01489467780132,1
110.0,168.09158231541664,70.11512365354855,81.28512836092968,118.42941958351794,87.88914027149322,90.82183293976098,9.178167060239016,-0.0113731933831958,-0.0205539839570746,250.59625212947188,152.41028888920874,0
65.0,77.21930598782923,124.8944233892799,21.610944234034218,77.21930598782923,17.260951826517246,69.54220056548156,30.451783673223847,6.033808578475606,6.029818444150535,0.0,49.94627782041443,1
152.0,97.6349011878762,114.20563042173605,115.55690440060698,97.6349011878762,84.60488603794187,59.959626820884935,40.040373179115065,0.4555622237983523,0.4731280278777233,-0.0,122.96335010126089,1
58.0,162.17983651226157,176.122311827957,147.23113530663014,60.66041581736648,100.0,97.00646686600376,2.993533133996245,-35.86855787506087,-15.980069158929396,-22.812806563809865,239.88082843459176,0
22.0,47.16054654141759,259.2507922136714,110.37857326809169,37.34099649241432,100.0,97.00646686600376,2.993533133996245,-35.86855787506087,-15.980069158929396,-104.3424317617866,68.11279826464208,0
113.0,122.45072200155909,166.1017218904417,68.17874983124071,84.21281049756197,97.5872812974355,68.20868827113712,31.791311728862887,6.069057507502955,6.2454181029776485,93.85474860335196,46.30614935492984,1
270.0,63.07459512514314,-35.36035885147429,147.23113530663014,63.01532175689479,89.46756568239944,51.30649030668483,48.69350969331518,-15.982623354729949,-12.138671394100555,-0.0536069842242303,239.88082843459176,0
120.0,111.38695215150692,124.90116595525252,21.610944234034218,92.80197796062689,0.0,91.77815337897844,8.221846621021571,0.7634571862377174,1.2962377489724946,23.82297201887704,31.768941253477333,1
54.0,215.7171145685997,37.80384494334871,86.86519790888723,150.05706639379747,14.76746921810054,64.29657994125051,35.70342005874947,6.2185270667226185,4.801539084649656,65.92039800995025,22.185239275889007,1
52.0,172.8129590337849,0.5257006587490878,86.85231525057966,128.35798278579222,8.147584632940282,60.9118598446391,39.0881401553609,0.682360163388662,0.5657680938117892,70.26366334904837,25.230604098883035,0
196.0,176.05215732004663,326.39810521667573,84.85474118861525,84.3308845932496,97.45762711864408,92.74000923305434,7.259990766945664,-1.545533008169246,-0.9912844213859958,155.26344260521478,30.07297424226004,0
216.0,212.49435223952528,315.0922802143282,88.76158382476832,93.0170617863453,99.23664122137404,92.30856462450032,7.691435375499673,0.722932554645196,0.593948710781916,246.2599310448209,48.15305825947988,0
196.0,238.4442150699071,238.4544095076935,78.61241288151886,100.55200522327524,32.228954492716255,90.9350281374208,9.066939514383536,0.1416709299122427,0.0935198534855628,104.49501334457088,18.88123300090662,1
137.0,76.61723174283982,140.8663180037439,97.7792448133678,62.56202837307576,40.92390472232551,81.5311577281587,18.466912403265336,-1.1482718026902368,-0.4426951578822059,250.59625212947188,67.71182615424297,0
161.0,104.738008743304,108.63312365891656,118.52771200896152,85.48956540312346,57.99548463037647,85.40901208077364,14.59098791922636,-2.3558978278122336,-1.2460163233579478,-44.45207832360013,93.80524344569288,1
28.0,46.42997034301382,158.62488701416092,84.9675513244615,44.73769342750849,87.04735376044567,78.70442904489305,21.29557095510696,-6.947875866224766,-2.2015160483455216,10.028557030068871,34.467683173660774,1
76.0,122.2590425156878,45.256632064590505,100.94672212319271,117.40808450132036,100.0,76.93194925028835,23.06805074971165,-15.645905420991928,-8.844335778321108,-62.18487394957983,23.410217719336064,1
112.0,285.70452264784245,173.30541938997823,81.89285982619148,101.98474587134405,92.45816639170398,34.401709401709404,65.59724317077257,5.491662476956594,6.59878671935963,250.59625212947188,117.63042766584329,0
113.0,285.70452264784245,189.0815781529388,81.74996050344937,93.58775142077867,73.52914306596017,41.53217379188631,58.46666511854725,-4.088196363467478,-4.613469601677149,250.59625212947188,135.52366476971477,1
148.0,153.8758581235698,152.38223390142718,97.2822966507177,112.10476461115849,85.78213022402726,86.5153064242199,13.484693575780108,3.001292786588818,3.398782868297164,250.59625212947188,91.69119797251194,0
131.0,156.9183977688017,140.63004190575418,87.83216083752876,115.18084834152498,80.20210800825818,84.02908121442417,15.970918785575842,4.310087258965304,5.1302627139509225,209.4670502808604,97.76242767741174,0
149.0,157.05057551447504,150.77496757457843,110.07022499850795,120.82564080546136,97.09885008967191,90.21107616864774,9.788923831352276,-2.3124211573654567,-2.605631688004885,-160.3792218052538,105.16580146201927,1
263.0,163.4582550793922,347.1050398224311,106.62981146086884,73.06184357382021,89.00607373228495,90.98054576315448,9.01945423684554,1.2925969447708578,1.5302810152409807,-209.51325547694145,208.09114757471323,0
303.0,200.4827747832201,193.985984148879,107.4737980369323,109.69686089454248,95.8880662367646,92.73022701236762,7.269772987632385,2.875645851354826,3.78595503024147,-209.51325547694145,198.03096274794387,1
54.0,237.57424195060955,73.0,52.250287721848686,171.10694183864916,27.124183006535947,79.01754385964912,20.98245614035088,-2.892543859649123,-6.229337867195618,54.91564125332995,33.88537807801264,0
46.0,154.70346447445684,214.43369012373796,63.462450592885375,93.82478632478632,0.0,72.1627571547863,27.82965156000911,-11.834813633948226,-15.980069158929396,99.3939393939394,53.1784005468216,1
62.0,271.52409790562706,84.4447284048139,39.40074326416848,174.70471242440232,28.869202709744656,78.82765670740207,21.17234329259793,-4.588541424654989,-11.497263942251717,56.93113581193305,44.957805907173,0
55.0,201.08278298264477,133.07828909681118,47.66375310240639,126.45482204085576,46.27041920881716,80.88982241741455,19.113996562917706,-13.1869390872637,-15.980069158929396,66.57731958762886,62.94687604410291,0
74.0,56.90391344826479,454.15434605403874,147.23113530663014,37.81414003498742,92.171219374824,97.00646686600376,2.993533133996245,-35.86855787506087,-15.980069158929396,-42.61928826001383,239.88082843459176,0
86.0,51.24194084032844,454.15434605403874,44.961415069799706,34.1397910992088,61.079370298820336,86.56192732311267,13.43807267688732,5.830688776650427,2.806009959238108,73.85071052714497,74.40532625413479,0
122.0,89.60281629581856,-35.36035885147429,138.6623006095189,88.58866039640787,46.14469510045824,72.36001559547731,27.63998440452269,7.94169690789671,4.304641144436316,-1.165520711051484,239.35539253941,1
471.0,285.70452264784245,81.18164032172913,147.23113530663014,192.7037340419156,42.52680074421901,84.316222063497,15.683777936503008,5.960477417885572,3.291470643717453,-0.0,76.60439598199457,1
55.0,122.14450899655932,235.26529669822213,53.36752136752136,82.46696370768117,88.87002909796314,80.10621103671207,19.889171092126528,-2.987762641422304,-4.257419227479107,105.32746823069404,80.40565919619381,0
44.0,168.69551047013772,162.9136881761979,73.29602238656805,109.2155931845756,89.78965819456617,84.11901081916537,15.88098918083462,-11.123454404945903,-15.980069158929396,177.69461077844312,161.44934120854157,0
25.0,124.8887240356083,163.06838431838432,65.66212054553453,89.72684876748835,93.4105075690116,70.58212058212058,29.417879417879416,3.348678348678349,4.721524288107203,118.71794871794872,118.1174805378627,1
110.0,151.06467548691157,210.2001578709969,71.89761879786006,83.19989992494371,100.0,86.65238310028568,13.347616899714328,-3.3453615997594346,-4.423898995924048,250.59625212947188,119.30575904429168,0
99.0,229.33013534349837,182.4318317645301,73.63279175958372,109.02427105391756,100.0,84.106529209622,15.893470790378004,-1.0720155386224417,-1.5746735432898058,222.39226741844544,129.06959706959705,1
62.0,93.54132457580734,195.8911644236396,83.10003145643284,66.87275003912976,9.15907086151132,52.8847279110591,47.1152720889409,22.25594045233324,11.776779275531148,85.66775244299674,93.60239689813184,0
57.0,105.63190124885482,317.7151138905372,147.23113530663014,57.40978537173406,100.0,84.30182133564614,15.69817866435386,-17.035650705254028,-6.9431266395043805,-52.92891540286063,153.8421327757449,0
218.0,88.54066756186457,205.64549763033176,107.179866765359,70.81894898350595,87.63783302513527,87.6398104265403,12.362897765741367,-35.86855787506087,-15.980069158929396,-209.51325547694145,239.88082843459176,1
236.0,111.9152668509462,149.1223549528582,96.88483708760884,89.00796922231382,71.99539965497412,84.52513833804356,15.474861661956444,-7.4025696440021855,-6.64124089146461,250.59625212947188,108.0376886837804,0
212.0,43.54535350944687,454.15434605403874,59.21364943732373,33.58277840047472,29.70322580645161,97.00646686600376,2.993533133996245,-35.86855787506087,-15.980069158929396,31.65822264822676,41.55946788426922,0
32.0,25.975623550704142,-35.36035885147429,73.51344879878681,23.60213856092671,100.0,94.82165878813925,5.178341211860765,-35.86855787506087,-10.0,1.732710562000904,44.69831053901851,0
242.0,98.70752553679382,265.743810864719,35.77037767455123,72.21534968056802,97.97734627831716,83.96339317141852,16.036606828581483,13.058782118972193,11.880617407826476,27.478543947913582,11.577422261182944,0
208.0,64.35880840344954,274.7123015873016,29.44018396818532,53.21261471041271,99.44444444444444,78.9777669058491,21.02087410306589,17.241519895629484,12.363207593135774,13.594163464844744,8.482186432406051,1
445.0,105.77802624454706,194.04025019038932,94.52853057252206,90.40213085335712,45.012420541592284,84.20829223835503,15.791707761644965,5.50443825765615,4.648016501916907,207.2356215213358,126.58219637181344,1
58.0,114.22130982570542,94.34997885537072,147.23113530663014,89.42392537501576,97.7869039470682,97.00646686600376,2.993533133996245,-35.86855787506087,-15.980069158929396,-14.780706803269252,239.88082843459176,0
31.0,80.27143627539097,73.35964617624006,147.23113530663014,58.787519747235386,100.0,89.57563542716382,10.424364572836188,-35.86855787506087,-15.980069158929396,-17.2322558380306,239.88082843459176,0
13.0,91.44576770393137,94.04845259767544,21.610944234034218,75.07359125315392,100.0,71.68463800588152,28.32936563506512,-2.0305279372636886,-2.13078618662748,-2.60515948659296,6.72802665324417,0
157.0,193.15821506892988,145.33367510253072,88.08988009270145,152.3363987535143,83.49076517150395,91.37091127338202,8.629588876662998,1.5364609382814844,2.903234952227042,173.73096446700507,87.75320537136788,1
328.0,285.70452264784245,-35.36035885147429,118.1838607002434,192.7037340419156,31.367628607277293,82.6807302628359,17.316822475649747,8.562968038764621,2.1608769492048787,-2.0799011532125204,30.06086266207992,0
59.0,66.45278176190835,187.63451853534775,47.56866347768239,53.13361366517112,0.0,55.4772994055057,44.52648718239994,-9.243061077662915,-6.29691732232684,30.257990453749017,24.45055878256734,1
106.0,129.01580826109128,78.87062937062936,147.23113530663014,97.88690476190476,99.38383838383838,89.96351474612344,10.036485253876558,-23.99209486166008,-15.980069158929396,-64.99388004895961,239.88082843459176,0
668.0,30.64172352986276,127.2102537156583,53.87008346040578,30.64172352986276,0.0,12.318804317002789,87.68119568299721,-1.6455653972543327,-0.5471588230400177,0.0,6.72802665324417,1
47.0,199.83557138942177,-35.36035885147429,21.610944234034218,176.4193548387097,100.0,77.82044249405742,22.179557505942583,-24.35088681660267,-15.980069158929396,-0.8099165390883502,6.72802665324417,0
668.0,81.0156060483545,57.746493399339954,53.466743021973365,81.0156060483545,100.0,91.5003193867774,8.499680613222612,-1.3108165655275206,-1.4054763637401368,0.0,53.12094682230869,1
50.0,46.568793366051786,146.0397928590897,124.2699596147872,41.316016666041065,94.90438819498176,79.94003815753611,20.06904697010993,-28.55455619151449,-12.165666731178634,-41.35723431498079,120.6405362629178,0
613.0,136.58030846652068,136.08286849871212,62.993730195576426,105.41922768452817,36.3689105983194,74.80442829606127,25.19557170393873,13.065861521928252,12.714759519137877,43.11344425227156,54.09324234966903,0
45.0,175.86107091172215,250.82236120254552,147.23113530663014,83.49212165628435,97.84338358458962,89.29668641650208,10.703313583497916,-12.958086460390607,-7.573668515727706,-27.4000129642834,239.88082843459176,0
72.0,266.9524392733211,235.45821226487237,147.23113530663014,109.14705391420463,78.0321424442132,85.61324361523168,14.386756384768312,-5.149870010705001,-3.8464833376167222,-73.03540805003531,239.88082843459176,0
48.0,256.18161925601754,131.77307993451493,147.23113530663014,137.31795523409247,99.391771019678,78.0447006904406,21.9552993095594,2.6692291266282298,2.533441426834212,-36.234177215189874,239.88082843459176,0
205.0,123.91699092088196,76.94264182541343,89.00509519978547,105.0865271802894,63.47318824321292,97.00646686600376,2.993533133996245,-13.7138603958784,-14.894907033144705,127.6829268292683,102.3490930716622,1
403.0,39.4560834071014,50.85114670322821,34.14606227106227,39.4560834071014,0.0,8.57823337697429,91.42176662302572,20.05795836968715,11.75042441722495,0.0,62.9946014607812,1
81.0,47.0825413282645,181.160386591632,73.61919544690208,42.89012488193934,53.55321319279157,56.814289209689264,43.18571079031074,-13.640812331783703,-5.675744464240265,24.30112800392349,35.06580601894543,1
241.0,67.32402732402733,405.67363684489146,46.072452990545,54.19595466934442,2.5347257426746426,56.07905417328393,43.922710428798304,-1.3675666137286042,-0.7571686776415416,19.40624876876404,11.18058859511996,0
324.0,63.52818033420144,365.2935349731278,80.20335677972004,50.58139534883721,6.871907641561298,60.444862892785686,39.55513710721432,-12.447530500961124,-6.385140913801604,75.2075418601379,43.69882323128336,0
339.0,93.55435908758938,315.148959732762,79.53194964656848,68.68336720824969,30.733677975966312,63.21847427471769,36.783341200392144,-7.677644239497476,-4.457444005270092,73.12878370941111,48.715540126608126,0
285.0,94.7280350461579,340.2600083361452,64.58471560407745,69.69759849490926,3.438375350140056,60.90149455173371,39.10049024472541,-0.9070519818192644,-0.5956259937961056,36.066760335504746,20.03233194126364,0
224.0,77.33737467941245,155.72379660335645,147.23113530663014,46.90659690306159,66.08931906945152,16.807356044618633,83.19264395538137,-35.86855787506087,-15.980069158929396,-69.01611047180668,176.30695753194786,0
150.0,209.22662976629763,112.99413584556254,107.18082897250602,169.67917305702068,100.0,91.55356001205163,8.446439987948354,1.3455221522475584,2.970377340125239,-209.51325547694145,187.8575715143029,0
139.0,227.90006178560395,79.407924835217,122.31568769639836,181.56562937439432,100.0,90.35701577511564,9.642137011369606,1.865564159479472,4.042295406983148,-130.98591549295776,202.11149659050128,1
12.0,25.975623550704142,454.15434605403874,21.610944234034218,23.60213856092671,93.86493083807974,97.00646686600376,2.993533133996245,-35.86855787506087,-15.980069158929396,-0.5125066931844259,6.72802665324417,0
155.0,35.86402367285822,454.15434605403874,91.52785608118498,35.0523546526822,80.0265389719033,56.42924598638104,43.56578358765346,-33.34658780257468,-14.930455101813733,34.30127041742287,189.3780260707635,0
37.0,153.11016144349475,40.04302992712047,76.76567656765677,126.06783305639722,0.0,87.26934408435416,12.730655915645835,-13.381919677469376,-13.793654599216817,25.792711784193088,38.79193109700816,1
47.0,204.5933486993744,24.554598857326795,96.5045739046702,169.39749182115597,100.0,79.44797618089645,20.543976824655992,-12.947614066146295,-10.932934701365769,250.59625212947188,42.59168223380199,0
223.0,103.03056566707112,99.47102038527322,73.02030382276025,102.90570175438596,100.0,83.70019347783418,16.302610548748003,-4.792081428931946,-4.213199220964919,0.4574166848181224,20.027603128354546,0
199.0,98.08754487710576,83.63887520236504,68.22174318715614,97.89829106945976,100.0,77.5497993946646,22.4502006053354,-3.0618709087069758,-2.5204971463336907,0.1417577966788173,11.6723850935897,0
178.0,74.19029434016645,65.5450881367455,62.19596942321056,74.0968624064479,100.0,76.75423687660856,23.245763123391445,0.5195940368086243,0.3497875122589081,0.2144607843137255,19.09183465689269,0
154.0,40.200852867704576,78.53502385136831,53.30333099708584,40.06639171109546,0.0,74.05222194325884,25.954054732613606,-2.35375345217173,-0.9437761111390748,0.8848159266866804,48.93798449612403,1
19.0,25.975623550704142,-35.36035885147429,39.02387934645999,23.60213856092671,100.0,97.00646686600376,2.993533133996245,-35.86855787506087,-15.980069158929396,0.0,10.08919961427194,1
11.0,88.35550237032264,98.88862843152576,84.96490407112775,77.92571544550437,100.0,41.37104755951451,58.623743293222894,-1.2085221649216022,-0.8035745211457864,44.31995020230314,37.25909000596066,0
258.0,89.83727087298634,65.85167009656485,57.69807001773285,84.44754133184878,19.56192896472439,80.48666243079666,19.513337569203344,8.76738351176755,7.797943950469651,8.944227039957267,33.58820086055508,1
113.0,25.975623550704142,331.26562378697304,96.4138618958749,23.60213856092671,63.25756029873894,71.19788836270476,28.80211163729524,1.5371477369769428,0.2147540361285704,180.46209062359804,57.31168744455785,0
97.0,25.975623550704142,370.5560168271892,91.95679613977345,23.60213856092671,60.9370508766887,85.18211004096092,14.81788995903908,-24.21676076607993,-2.2377715375920046,80.54231227651967,77.80801610744194,1
80.0,146.96914950360463,196.25314632918503,147.23113530663014,91.77419874721993,94.27068267283772,97.00646686600376,2.993533133996245,-11.35488251753164,-11.388347462602448,-35.44866731033676,239.88082843459176,1
668.0,205.1440667516133,184.2752882717719,87.76322204224134,78.8958267467594,80.44741070325053,49.21307566695719,50.786924333042805,-3.986215049239123,-4.511107709924097,250.59625212947188,231.2731894307443,0
616.0,192.86233130710707,183.6299152245591,146.74295774647888,75.50589714422559,100.0,56.93566184973008,43.063677390792975,-11.154280730271374,-12.675516977278528,-209.51325547694145,239.88082843459176,1
135.0,69.00340241261986,151.68193717277487,69.5466231893146,57.460772091777336,0.0,95.47263860001436,4.527361399985655,-12.006024528437209,-6.705656144848582,30.763528539659006,26.839353358587204,0
24.0,61.16992587798376,178.17369945837007,105.55800046597116,54.01047690319069,59.518289541473465,97.00646686600376,2.993533133996245,-35.86855787506087,-15.980069158929396,-52.72473218444341,88.84022524316023,1
77.0,104.79632281917198,269.0719257540603,122.562351543943,63.81170648602604,81.33273204764305,83.30737691892064,16.692623081079365,-9.277564122938054,-4.358277591973244,-110.02631578947368,137.64365440264572,0
136.0,71.1909965034965,454.15434605403874,86.61045846276012,40.59692192659979,67.94049756347782,97.00646686600376,2.993533133996245,-35.86855787506087,-15.980069158929396,236.996336996337,85.0735064122615,0
15.0,58.81698782475314,80.75547659408004,21.610944234034218,50.304193109329134,0.0,56.75772590950581,43.2422740904942,0.8703872734385187,1.206725119768598,25.82642214694545,12.062493659328396,1
109.0,92.20179190210096,332.8562722194007,147.23113530663014,52.23643020109301,100.0,94.36262061960386,5.6373793803961405,-35.36143558489927,-14.9812089393809,-73.433297471759,125.02680398973328,0
67.0,57.226316392378486,454.15434605403874,134.30587444699557,38.25165900969883,100.0,97.00646686600376,2.993533133996245,-35.86855787506087,-15.980069158929396,-75.56317335945153,112.01233792197408,0
78.0,65.28128537838543,100.157412039353,21.610944234034218,54.552897298280726,100.0,65.18926129731533,34.810738702684674,-19.64648991162248,-13.626480384900075,24.881355932203387,122.2610662690864,0
73.0,76.8765743073048,5.59100589777195,34.324998479041184,76.8765743073048,0.0,82.60157273918742,17.398427260812582,0.8641874180865006,0.9531984098301408,0.0,36.09703572333417,0
82.0,53.98696436000555,53.34831749293605,34.42650241385051,53.98696436000555,0.0,97.00646686600376,2.993533133996245,-29.29360390444387,-15.980069158929396,0.0,20.031353422748648,0
81.0,98.10670766427512,-27.99544386082012,57.93898767255582,98.10670766427512,0.0,83.14518703386634,16.854812966133668,5.603760991323021,6.6978841484564695,0.0,67.12705530642751,0
307.0,157.67707841554602,38.14969261750802,62.62303294630753,133.0508311219343,0.0,89.11967392826615,10.88032607173385,4.29611099574542,5.386977031470458,25.72830843221508,22.71168373731288,1
286.0,169.2534212546859,21.468869414853856,72.40434436030291,142.43946938310083,100.0,89.64626518369873,10.353734816301262,4.138825438165788,4.9415677928301065,31.434675332490823,31.66675342251835,0
297.0,167.72848700720473,23.44371244479838,67.77585911855758,142.6658220352404,0.0,89.3742609618958,10.625739038104202,4.509761335939574,5.745557400233659,27.16520227865212,27.796090205933226,0
212.0,238.0574584772723,36.83111495529766,52.18805847042112,192.7037340419156,98.30258302583026,86.61020631530619,13.389793684693808,4.791204646911009,16.570475564764745,0.0,207.04310585606555,0
40.0,61.23644377428522,99.62401742589256,95.45346062052504,56.537802527307775,100.0,89.83805284591344,10.171417747892791,-35.86855787506087,-15.980069158929396,188.18897637795277,35.72420760196995,0
42.0,197.17339667458432,-1.363088784483807,136.29090909090908,155.4785540363364,100.0,81.67690639681966,18.3351403445368,-18.383327309962656,-15.980069158929396,-27.521710086840343,90.42394014962592,0
43.0,54.919686505781016,110.28647121158602,83.59545880637434,51.10292790353442,100.0,86.7326033203815,13.267396679618509,-14.418933239138113,-8.688064021794654,45.48919949174079,149.18384879725087,0
23.0,63.078173488990686,-35.36035885147429,147.23113530663014,60.34281675207633,87.07943334176575,78.53461403303268,21.46538596696732,-35.86855787506087,-8.268395375258972,-0.635601797498077,139.97753699788584,0
18.0,66.32003395585738,-35.36035885147429,129.98785916632943,65.75783081825287,45.04333500465583,54.61485714285714,45.38514285714286,-3.245714285714286,-1.3942071674030438,-1.5335541651331126,205.91449137108663,0
11.0,67.74572215449908,79.95701432855714,121.45554862228644,65.77678414869366,88.49387680497168,96.9410196601133,3.052315894701766,-35.86855787506087,-15.574807283835709,-2.356902356902357,39.37904002200522,0
47.0,64.91237415437064,315.4587231248974,21.610944234034218,44.738146373699,0.0,52.49876907927129,47.5012309207287,-9.908911866075824,-8.641356854045156,58.93783233768792,60.864559949346685,0
11.0,25.975623550704142,382.4717145343777,28.03243842705975,23.60213856092671,100.0,97.00646686600376,2.993533133996245,-35.86855787506087,-9.829847646896786,9.746701338726766,9.036088905318609,0
154.0,120.38545059717698,112.9209319804585,47.21817577755629,94.76090765351908,62.40753194351042,76.01653513716647,23.981961668545654,8.481022172115745,9.098679223983616,58.67144378812821,70.70585326658014,0
141.0,25.975623550704142,222.1227499328338,31.524772311435022,23.65264176122122,100.0,67.35723454431476,32.64276545568524,5.8777873966387055,1.930751806709093,0.0,6.72802665324417,0
137.0,25.975623550704142,190.58567252291888,28.781276356480177,24.01344038385518,0.0,69.2788011239463,30.721198876053705,5.937615303834473,2.0067531271583148,0.0,6.72802665324417,1
137.0,26.95395754868471,235.3601603119584,30.949992078998783,26.929780422528022,0.0,68.57939774696708,31.42060225303293,7.070515597920276,2.616389762911598,0.0933007035790761,6.72802665324417,0
77.0,115.42274522447003,197.03449600223456,84.19265352974938,89.3049795765645,15.16566265060241,97.00646686600376,2.993533133996245,-14.873782340002094,-15.980069158929396,21.59709618874773,51.51854757368598,1
343.0,211.05524321782565,106.56188681900268,90.34394411814468,146.21486620869385,95.79455634880163,93.55529671120006,6.444703288799944,1.868174391607189,3.676086020182132,250.59625212947188,115.57227891156462,0
409.0,252.33083273290663,73.57125127374391,86.54505395748629,182.4671211698121,74.39301484773569,95.0869878429777,4.913012157022294,0.3314533557785981,0.6697590225138591,189.8033934823593,109.87663919556316,1
122.0,156.74162404285585,80.03514259784897,91.21174076799862,130.71428571428572,41.58281001740183,89.32978045530903,10.670219544690958,1.1855799494101065,1.0232480626614449,83.44827586206897,37.217639764946895,0
120.0,176.8316162810336,45.75834272506731,89.99457877046514,143.20768136557612,37.0219690805533,89.25330939237072,10.746690607629272,1.19768485797788,1.041718586452674,77.22149978326831,37.41360978203083,0
129.0,176.8770215401555,59.56705703836276,92.71486617789948,141.24694309345202,41.07104984093319,88.49894949809354,11.499105128005604,1.4940471558633568,1.2866692355375362,114.21642922097604,38.20448216416921,0
127.0,178.0154486036839,82.77069425901199,90.58116690272765,135.43079287587017,42.226798058538016,88.7138406764575,11.2861593235425,1.2372051624388072,1.0085253038273172,101.13994664079551,29.49150781696359,0
131.0,224.76178587775144,75.4771645963308,89.08678081906429,162.95704114878723,42.93688278231001,86.73195475498454,13.268045245015458,5.787067034452117,5.140094711917916,96.7741935483871,30.67161498862684,0
138.0,236.4120933009253,82.79504337944843,91.75475687103594,169.53915782391974,27.82415136338341,88.89089302141015,11.109106978589852,3.870781551559315,3.5379847006067,101.1127237542332,24.248432312799707,0
127.0,204.8785941063364,86.17336359866425,85.85225565523457,149.8364837464844,0.0,85.95499487089945,14.04718772508021,5.159656895911998,4.290303261283824,61.3622572815534,21.145911011682823,0
364.0,37.01674535774173,89.40797027326055,37.00449055435119,37.01388513278576,0.0,8.57823337697429,91.42176662302572,17.77550466567856,9.452708703374778,0.0,16.809809395327715,1
235.0,285.70452264784245,200.9324001054189,106.81516936671576,129.83351977363952,85.73019408208718,85.51097776065846,14.489022239341535,4.849271190220366,4.936386243331648,-209.51325547694145,97.80931386056764,1
63.0,25.975623550704142,128.33068181818183,51.73057768924303,23.60213856092671,0.0,8.57823337697429,91.42176662302572,-20.727272727272727,-4.088494385044718,0.154758834150116,239.88082843459176,0
62.0,25.975623550704142,49.11072488956478,147.23113530663014,23.60213856092671,100.0,8.57823337697429,91.42176662302572,-16.170613368093274,-2.785643891668018,-0.0500250125062531,239.88082843459176,1
65.0,285.70452264784245,25.74882603965252,21.610944234034218,192.7037340419156,100.0,96.12268942618284,3.877310573817161,0.6809815605075793,3.930628314840725,34.9630824595148,67.28638806624986,1
67.0,25.975623550704142,454.15434605403874,45.51071062429181,23.60213856092671,100.0,97.00646686600376,2.993533133996245,-35.86855787506087,-15.980069158929396,63.51438332425607,45.10090095147212,1
91.0,47.74060903403425,454.15434605403874,25.73128814272687,31.24433330830845,38.46153846153847,93.04659630704396,6.953403692956028,-12.285825185294716,-6.622034928320232,46.53758362849272,19.73068538310204,0
89.0,32.140940982253404,454.15434605403874,30.16868684189587,23.60213856092671,91.52542372881356,72.3732785464351,27.62672145356489,-12.770055535937852,-4.260423471955961,42.74265529749131,24.99443486003673,0
11.0,117.03560371517028,240.23956748892277,69.14209115281501,83.75545246832375,63.95149233069384,53.54804576416904,46.45360756563719,9.39752661860988,9.133711494271344,101.003861003861,128.86111236005576,0
21.0,93.57463058276606,217.56875443577,100.24235080278704,76.97613275514733,100.0,80.13662171753016,19.86781405251952,5.797551454932576,5.591443850267379,-209.51325547694145,145.94301809121438,0
26.0,103.97807209042836,213.06000093314043,83.81767515923568,84.538318936615,100.0,80.59534362898334,19.404656371016657,2.710773106891242,2.8582673291681013,116.05166051660515,109.54918469572632,0
29.0,81.31859486251525,190.90460526315792,44.52861952861953,71.62855162855163,73.48733707746106,80.61629256965944,19.38370743034056,-8.359133126934983,-7.768037761294673,23.55083459787557,111.77612423164024,0
38.0,53.32692905376769,191.39583554095583,21.610944234034218,49.605761143818334,100.0,82.55271802479601,17.447281975203985,0.7258662710607184,0.5971320228392103,16.064666472473053,165.31489658377876,1
226.0,86.48940896851865,-35.36035885147429,21.610944234034218,86.48940896851865,100.0,97.00646686600376,2.993533133996245,-23.693136101999134,-15.980069158929396,-0.0,6.72802665324417,0
11.0,94.0590860132328,72.62701281988365,80.0277483601376,78.83357585475366,79.57092163360392,91.73469220828083,8.26530779171915,-0.4335094635933845,-0.5102859526942456,139.67033870437356,202.50002667548736,0
287.0,231.1484553518415,138.51362185724292,82.94950774368127,135.30706604737378,60.4066197134233,89.49560208609014,10.504397913909862,5.06577411068732,6.229658842899261,158.36920739427703,62.13111261053304,1
55.0,26.20420269875089,-35.36035885147429,86.8598650258039,24.48473729409009,75.86206896551724,79.98405739338382,20.015942606616186,5.420486249501794,2.8670208280630742,126.88821752265862,142.7286043105252,1
12.0,73.19078947368422,454.15434605403874,108.80711641527157,61.36594571055306,100.0,86.70609107037257,13.29390892962744,-17.575399172087522,-3.220423466181219,-33.43789209535759,28.72368079022615,0
11.0,77.4074074074074,368.5364832535885,112.16596803772596,68.15587803684983,85.54994954591322,91.98564593301435,8.014354066985646,-22.272727272727277,-4.683098591549296,-10.767160161507402,33.59801850367889,1
243.0,63.03154470527518,429.5449470262759,139.4156580246462,46.06530957469911,88.51960277825613,50.71582760588542,49.28665359898767,11.497903381882242,5.871620080585895,-104.40671676407833,211.34696553702412,1
668.0,285.70452264784245,-14.673036781112785,58.65615093172505,192.7037340419156,0.0,8.57823337697429,91.42176662302572,2.213344849924422,9.201077199281867,1.701888909668973,57.54709354030238,0
668.0,285.70452264784245,-21.282773012387324,74.76106735988989,192.7037340419156,0.0,8.57823337697429,91.42176662302572,0.3336447350860803,1.3337213249915127,7.664344138139957,61.59627481414917,1
123.0,71.4237816803743,272.4500167144392,103.3077472071311,50.20675913096887,78.4169357167231,93.13925617189555,6.861455080833872,1.2162421673293171,0.7771738142418239,-209.51325547694145,239.88082843459176,0
124.0,72.1513119886066,313.6499446011751,106.94562782037931,52.02499455060669,74.05514877706808,90.136215934378,9.863784065622005,1.8519035781123436,1.5896103896103897,-209.51325547694145,165.6232397199646,0
128.0,171.253357839672,272.26027326577366,147.23113530663014,89.05287922509972,100.0,92.37064250479868,7.629357495201337,-0.7708819219417555,-0.647313691507799,-106.6503156286438,239.88082843459176,1
138.0,25.975623550704142,116.7251300077042,21.610944234034218,25.92742866773616,0.0,8.57823337697429,91.42176662302572,1.6756548536209552,0.6205144207194758,0.0,13.461408374484204,0
425.0,134.26295110593713,17.3568397721792,56.12311221563755,134.22583977072696,0.0,8.57823337697429,91.42176662302572,10.50609382705345,13.334387960740347,0.0043569187870338,41.56022874384563,1
187.0,150.86775293671846,222.95216506756415,111.31647750457164,93.88765740697072,76.9169550813422,79.82744763148642,20.171296528859195,1.7305470437534536,1.1767116970949396,-170.05876068376068,105.37454229504128,1
178.0,200.0,213.61951084992677,116.26590350577035,111.49491094147584,74.702896269479,77.33116524980507,22.66883475019494,8.086571194918317,7.323773844895147,-184.5285905526869,112.40510173094442,0
284.0,105.70896352964608,321.9629280727031,85.9822716965574,85.21831112286435,78.3960263422257,43.70830100853375,56.29280727030921,11.116036794857589,7.562277580071175,86.35448916408669,52.41185461516541,0
308.0,112.56726584284227,274.0494319168578,69.05727483680684,90.85269644073144,60.35533456629173,44.294032156339405,55.7059678436606,10.548156814712575,8.827961842397167,42.304457527333895,54.06935101049113,0
255.0,77.2194970106158,424.8591882123992,97.34686743076884,65.49765104337376,98.85045151263432,43.23742007228245,56.76257992771754,10.98971365026411,6.059723457092927,250.59625212947188,68.17572780056031,0
228.0,57.378492425698994,454.15434605403874,95.10242037558444,50.36596198259016,96.56485840687029,42.97026559909703,57.02973440090297,10.51814750802441,4.553645053904652,192.668776371308,74.73585774700965,0
317.0,127.53870613216102,228.8212385382505,84.67438038480054,100.54762485594352,68.58074623525275,47.15798808647346,52.84201191352654,16.749213573388662,16.570475564764745,131.17417677642982,112.5766016713092,1
324.0,126.92942112514798,228.76395089285717,84.67507815989282,102.05489070228268,65.34553949798979,46.50654354207436,53.49345645792564,10.020945450097846,10.761312142904051,118.84506785681756,96.9973511726378,0
209.0,48.58967482060987,454.15434605403874,88.5690942176997,43.3193777745696,81.80799156006857,48.60862320349927,51.393459695896695,7.188085815455114,2.721844955003983,69.89060976930575,67.5292080079845,0
71.0,216.19857974537777,228.062895780316,147.23113530663014,64.85127614661293,67.48804174518045,97.00646686600376,2.993533133996245,-35.86855787506087,-15.980069158929396,-62.74166792339013,239.88082843459176,1
165.0,157.70936662676016,214.8612627332471,133.89273312762217,79.49139392546192,63.23281461621383,91.41405013049544,8.585949869504551,2.4877276440691447,1.397820196694141,-101.26764406737615,198.84971242810704,0
152.0,94.82381347619408,407.4744171242143,147.1877731074951,39.45856332774439,69.00255433189565,97.00646686600376,2.993533133996245,-34.15294024031193,-10.037746792458126,-114.99250374812593,212.726188108968,0
112.0,50.86332231901471,105.12579433512086,58.58344621087902,42.78581319425493,100.0,77.1703952186341,22.8296047813659,9.274526942429898,3.3232884133541,14.267271983992083,6.72802665324417,1
454.0,234.66757872911745,29.427436481913677,50.89178909916265,168.70645444076888,100.0,88.29869478547879,11.701305214521213,4.858932182798833,12.479307330320108,52.86135877457333,66.58380402460706,0
471.0,244.80828734503345,40.37305102868088,49.26795684798262,183.39182042615545,100.0,89.40887567707293,10.59112432292707,5.288848082207187,12.396430847673678,59.31823557973631,62.11539956971409,1
38.0,119.8519961858961,108.89586468116018,92.5104980109032,111.80639484854052,52.17391304347826,58.44272643940573,41.55727356059427,22.25594045233324,16.570475564764745,28.033935817041684,72.11874272409779,0
38.0,76.21595392041945,141.90940210515868,60.50148231658942,73.53735209349273,100.0,56.44818547886986,43.55181452113014,22.25594045233324,16.570475564764745,6.166640238208503,31.35551936754492,0
35.0,51.97232930242382,164.66165413533832,56.12890928152273,49.46861090478558,0.0,69.22825080719818,30.771749192801824,16.614735035787668,9.215634705941287,7.954192787536465,8.715127915367544,0
36.0,49.708030265333896,108.01162961872517,56.20223526246518,45.87354218299444,0.0,86.90269394965405,13.097306050345944,-3.253349035772118,-1.491973049970971,10.45457564085536,7.709983057379492,0
86.0,192.7559571372959,105.1976755557067,117.0861997517548,123.21635787835844,49.80429930349621,82.15700947295022,17.84299052704978,2.6747903875916257,0.931251549680442,-40.85975665959996,51.57048446287477,1
350.0,44.74286665695436,446.0229202037352,31.339926597161323,29.99389616504769,100.0,74.90871456148103,25.09128543851897,13.18812940437705,5.317622566487866,75.72080702003359,73.55529073753631,0
350.0,29.9254501216545,454.15434605403874,26.04691551293968,23.60213856092671,100.0,80.96161101065421,19.039689870042015,7.543807157445591,1.919740988903308,93.64612102469115,85.04588563886928,0
668.0,279.1329710518183,58.76400624028798,61.984719384327406,191.45618348029615,0.0,71.77884345534802,28.221156544651965,5.718059851712427,12.078295837691403,67.81030616224649,53.048766428406736,0
668.0,285.70452264784245,70.96247406336697,81.8091625755057,189.25876115441093,41.85387398663472,72.4751358030448,27.52477094164549,2.458303219639568,4.199577509216098,152.3899497487437,71.05163423463453,0
668.0,285.70452264784245,63.85396610169488,68.65830618471959,192.7037340419156,10.629867297987666,68.32579019697663,31.674209803023363,2.540577187356848,4.786127231480216,116.69584560565178,70.2599895495193,0
668.0,285.70452264784245,75.56906590936246,64.36123953832059,170.7488007018901,23.30024192875615,68.13707445666024,31.8629946068319,1.980188446644654,3.699040148622149,102.46143979825868,66.76175859889862,0
668.0,278.471805909672,74.0594596767709,60.77108530692856,168.3874229273784,13.804784859053246,66.83115158463171,33.168913258305736,2.35931027864307,4.354866894394029,74.16148112691467,59.01174344630774,1
208.0,129.92269997929463,287.2015524980743,73.09775966508305,80.93121738616395,36.41514648977336,86.16430715291243,13.835692847087572,5.53135541448644,3.099961669141426,63.92982224278067,26.639276810260228,0
211.0,181.4030765240789,202.7585713902764,79.60155931078104,109.2383002191345,51.02036441586281,85.24121415742586,14.758785842574143,4.7630748885294825,3.833375283161339,94.152445460943,31.58717077023454,0
211.0,172.20453449107572,202.65621790203,79.19167166766687,102.58242495066956,53.08719232373801,83.59338525034083,16.40661474965918,5.79164098829066,4.160587613825024,83.32098295647994,31.67145531322102,0
207.0,165.07899319791642,186.0743346169494,86.2894320192653,100.9469959264371,73.30325533200931,85.66576151233313,14.334238487666878,4.5368101352054575,3.241682835644314,128.5644973476517,38.69466690134647,0
205.0,167.5296306783706,164.00367016781357,86.54567143830948,107.78139232270658,79.82849456338975,85.32753833152239,14.672461668477604,4.763974405408669,3.47552511608571,95.9068031065631,33.04016417472882,0
207.0,161.76116763199198,154.25955841431036,87.37796932523099,107.56170305191056,76.99277440073404,86.29193118631213,13.708561325052576,3.714028201200743,2.471559530793711,115.181584310581,34.90152386428982,0
204.0,156.0383721460147,176.12608731630615,83.48191253224549,97.33306169634145,82.1762766241868,89.03362101276791,10.966378987232094,1.2923670030228245,0.8248108061088811,108.79397593278613,34.97559004911194,0
169.0,59.16075854516111,81.34068278805123,110.75607290917188,41.53131499510387,94.95582525755864,54.42623589703619,45.57376410296381,-2.477639860480524,-0.6388323661667545,-115.55644037427832,85.67591064558616,0
165.0,36.86100719424461,8.480154888673724,137.4570271361167,29.72703263447623,92.22264965127364,54.78718421134809,45.211254410892174,-0.8166005683415045,-0.1404905618816602,-15.699121840048551,89.95861530602288,1
129.0,104.90964236067232,72.52514605794133,25.477359519912717,104.90964236067232,49.30313588850174,70.77034270914895,29.22965729085105,-8.028669517557068,-15.880390755301404,0.0,58.8893409275834,0
119.0,259.71170418342297,160.98501149610206,147.23113530663014,176.55391971217574,94.77266127097565,95.37441095045617,4.6255890495438425,1.885964030271952,4.11899481008118,-98.40981179953478,239.88082843459176,1
63.0,171.63469667649878,268.32430272779027,102.58212441339704,95.40100250626568,94.72962838449403,80.01773282543019,19.9811725557161,0.1630982092035553,0.1535876635090142,-209.51325547694145,119.13111379285866,0
113.0,133.7508759635599,210.186699475127,68.68528440163229,89.84331657784577,43.94456456612916,88.78212625019881,11.217873749801184,-3.2718018768185773,-3.2475552790185827,82.75709219858156,73.96376014446128,0
113.0,110.6959305217247,232.52350230414748,76.48983304480502,76.84067952656225,52.82524461294009,88.69354838709678,11.307603686635945,-3.0599078341013826,-2.4844952901228217,99.0826833073323,80.39887104138131,0
115.0,118.69676259506043,225.5347333245183,87.13895488855485,79.91527296131568,63.67434303839905,85.06208604296138,14.937913957038624,-1.0722313711819789,-0.8639643566274396,227.89996229734825,91.53779783633104,0
83.0,139.35159500693482,246.519632237677,107.60623637335966,84.165445026178,90.502490260861,85.22854512428773,14.77145487571226,0.1915947149717584,0.1563721657544957,-209.51325547694145,117.33769442548883,0
77.0,164.9647258019001,254.11013034999485,108.30296203034922,94.13526570048307,95.45492383251477,83.75243764754183,16.247562352458175,2.1622361353450343,1.9746914544602403,-209.51325547694145,122.51195132551064,0
75.0,171.46282082256957,245.59235413347204,104.87735715298454,98.56520159825644,96.41844168844892,82.07762928278,17.92345462231327,0.9473330515180092,0.9604395604395604,-209.51325547694145,123.23620990810824,0
222.0,144.85039612337513,81.35415402354656,91.24956889118812,142.50010809875903,100.0,8.57823337697429,91.42176662302572,-6.539780313144799,-7.038815134146541,6.380096070944698,37.1853632880006,1
236.0,177.89831284830905,10.846825931536388,97.05439502963831,176.03036712494335,13.270616493194556,8.57823337697429,91.42176662302572,-1.2401889893532565,-1.6312384994863574,26.44605864944848,46.03520052015135,0
96.0,166.7736805784752,37.7319012665515,147.23113530663014,139.0190831103219,70.92802410111992,82.76662348877375,17.231577432354634,4.191853770869315,4.330452560170988,-13.88859472625225,239.88082843459176,1
18.0,102.85190126751166,-35.36035885147429,147.23113530663014,71.51803316711121,100.0,72.38527647154208,27.61472352845792,10.734554888924922,1.768587534396623,-9.444273871661036,140.22591362126246,0
18.0,79.31626600062441,-35.36035885147429,147.23113530663014,46.30034627300893,100.0,64.65262743554419,35.36705372958079,14.347569376107067,1.9036427732079904,-20.05427228804024,135.44811771450412,1
80.0,76.15063862252212,358.5690596282734,39.470600271582434,46.42948800205313,79.89914797426535,88.80674359151524,11.194983762868793,2.0400055275340288,1.3812865497076023,100.27350952673632,70.56848751639654,1
255.0,57.37388212191173,399.7405204392189,29.445377269388185,37.879138283856136,22.767979114173823,56.82648634147696,43.17351365852305,22.25594045233324,11.400925356825788,35.1811637315564,26.69667780377114,0
11.0,233.8980920539956,111.61789203305857,84.12897822445561,143.5600333261333,83.75397029787965,87.63957999720571,12.360420002794289,0.0569604608423699,0.1176235602210435,250.59625212947188,219.2034029389018,1
219.0,65.68272153378535,117.76109536098852,147.23113530663014,59.242327245339865,84.54585659793244,85.93167978235167,14.068320217648331,-14.358178975069604,-10.056363361144006,-21.22070761219176,178.83234556644632,0
186.0,104.20117978336384,14.636862141744077,147.23113530663014,92.2216360758918,97.06038604568798,96.28577627867526,3.714223721324733,-35.86855787506087,-15.980069158929396,-2.1052631578947367,239.88082843459176,0
91.0,25.975623550704142,454.15434605403874,136.13061224489795,23.60213856092671,84.01074566180208,91.18737778976468,8.812622210235318,-35.86855787506087,-11.251944322578073,-56.51453532158458,165.16801091071554,1
668.0,164.47914212342667,-12.60443350346688,110.22928371627084,157.4001091372097,21.648678504967872,8.57823337697429,91.42176662302572,3.272622945557268,2.648746165750019,-18.36126662946228,81.6713910609897,0
668.0,218.65074308150648,-12.691372570948786,119.13131619955122,192.7037340419156,0.0,8.57823337697429,91.42176662302572,2.881152224610395,2.403239576014445,-6.165060261952224,83.71342322113321,0
668.0,273.3651423992948,-13.109924686772558,118.7658122036439,192.7037340419156,6.4859196166182045,8.57823337697429,91.42176662302572,2.190868605524226,1.8692796423573097,-2.6745718365170057,78.72009215307968,0
668.0,81.71196710848068,69.55351934791761,82.69322614025313,81.70214705748279,0.0,8.57823337697429,91.42176662302572,-23.79674668911962,-15.980069158929396,0.0603656433252845,33.17923987385838,0
283.0,47.54407104018793,39.93195612820784,64.50854970092723,47.53252011945133,0.0,8.57823337697429,91.42176662302572,-17.00883824938771,-9.066913400844648,0.0522105966626986,30.74354789426223,0
304.0,61.6721957786432,43.439643881751294,63.24939580572231,61.65915186940596,0.0,8.57823337697429,91.42176662302572,-34.93747661219908,-15.980069158929396,0.0406597486166846,34.115379808862315,0
300.0,43.39095550298037,39.94428986736872,47.68353049752496,43.37029280778368,0.0,8.57823337697429,91.42176662302572,-11.163237551000035,-5.867039135452734,0.1010327795240233,28.34987487444885,0
106.0,153.8008214774689,106.48246700468324,108.8622448979592,115.45972517037202,94.25693585439124,86.2464682432171,13.753531756782907,-4.80512443395131,-6.492691472949298,-209.51325547694145,100.21500752526336,1
11.0,134.2367202128708,70.49386328204288,59.272073035825,102.80684618287566,3.313302561422862,47.384445298565794,52.615554701434206,11.56756219850836,10.7667200604549,30.27889873206141,28.01929542464552,0
11.0,128.62717205543865,58.88206753809291,59.08880599862627,102.14875773717532,0.1618413954324761,46.62578336200541,53.3742166379946,13.03068935856476,13.469587842678834,31.61846577163211,26.628607056037684,0
11.0,121.33947199720264,57.53850025743687,57.932292639375405,98.469559558537,0.0,44.89391296329027,55.10608703670973,15.695963236480722,15.506848067053358,24.57607848232848,23.449381034413687,0
11.0,118.29597861173993,54.83554106378641,56.1673623707848,95.8448980707967,0.0,45.15895659262279,54.84083961687385,11.534134909313224,12.71650845363141,32.266970807468894,26.36629662625919,0
539.0,172.26542149844676,65.33450940860214,105.1415108866373,117.30197572632166,90.33819257174868,85.8351534498208,14.164846550179211,6.405829973118279,10.868031554418543,-209.51325547694145,239.88082843459176,0
221.0,178.82934968750456,106.89674082076968,21.610944234034218,98.3854472834446,98.14017748020618,97.00646686600376,2.993533133996245,-28.40118515608375,-15.980069158929396,-20.02530492433828,6.72802665324417,1
81.0,85.58999110885304,46.04140387326555,147.23113530663014,69.52641353693768,0.0,46.13786450990576,53.86213549009423,-28.975291236922164,-3.195058091965308,-1.3279615106295597,239.88082843459176,0
88.0,63.50520559794865,78.11028410196536,147.23113530663014,51.22990654205607,39.765511122377845,74.84432769021211,25.16053706946877,-35.86855787506087,-7.410768300060496,-3.9670111702682953,239.88082843459176,0
276.0,49.04169515976431,119.99804211833248,147.23113530663014,38.48514698639301,16.073682549700223,97.00646686600376,2.993533133996245,-34.15023160307531,-12.76698301163264,-37.7999921698618,239.88082843459176,1
107.0,93.69690273915197,178.23700420825793,55.08242154796616,69.73305547285898,98.52095316351684,87.52160035780358,12.478399642196427,-13.797800321210026,-12.43723657687374,45.69059708207469,62.42365396059761,1
31.0,85.75587440216262,177.88962613526144,136.21348621348622,72.67775321221443,83.77622377622377,90.3469711665638,9.653028833436204,-3.4498721453134644,-2.93968480568026,-72.83694627709708,239.88082843459176,0
113.0,104.20956935907824,164.38117544425268,78.92074400181347,80.59826969520957,0.0,78.54690967020046,21.45309032979954,10.136736899998104,5.681516204810952,44.40230925967851,12.937556743669928,1
359.0,135.0443549845119,62.57633839020548,107.035147661646,60.99778149796524,29.7569594302978,93.43261135866156,6.567388641338424,2.682693358978421,2.159194580732291,-209.51325547694145,239.88082843459176,0
413.0,181.9168526241597,-13.06406164815712,147.23113530663014,126.14550673907038,56.86630578678514,94.02875362176798,5.971246378232026,2.71900593571783,3.993665917643433,-10.910179640718564,239.88082843459176,0
235.0,86.9268375813478,-35.36035885147429,147.23113530663014,82.96196149389066,40.018049473310455,97.00646686600376,2.993533133996245,-21.423874464443983,-15.980069158929396,-3.2083944754558926,6.72802665324417,0
11.0,229.15897179935115,10.283313730615106,101.6837885241794,192.7037340419156,62.5,8.57823337697429,91.42176662302572,3.8519341348667018,8.747372325955237,-0.0,152.0754436771367,0
232.0,214.0333904582896,11.562834967003733,94.59316576152256,192.7037340419156,97.34513274336284,8.57823337697429,91.42176662302572,4.912634148231375,10.650688766939188,0.0,90.15540908266313,0
232.0,251.53176394711383,-24.319294871794888,92.90566037735849,192.7037340419156,100.0,8.57823337697429,91.42176662302572,7.517948717948718,15.791457963052729,0.0,59.437086092715234,0
223.0,25.975623550704142,454.15434605403874,97.82864786398838,23.60213856092671,0.7136515741309841,97.00646686600376,2.993533133996245,-35.86855787506087,-8.762022533663094,250.59625212947188,239.88082843459176,1
239.0,38.36171610490677,323.5415953139957,63.290900094462685,29.65591420252413,0.531874284260084,86.6190689464394,13.380052866840549,-1.223314101044164,-0.4191162754313016,55.48298552820224,82.4569947254855,0
21.0,25.975623550704142,-35.36035885147429,147.23113530663014,23.60213856092671,0.0,97.00646686600376,2.993533133996245,-35.86855787506087,-15.980069158929396,-0.0,239.88082843459176,0
253.0,174.96412913511358,180.61881385468752,106.27909174680434,106.10037583535753,60.16548463356975,88.40279280613233,11.597207193867671,3.257514493661515,2.1659118791936143,-209.51325547694145,81.53123709921563,1
41.0,74.20581524600713,-18.157915484074408,60.80813302317567,74.20581524600713,0.0,80.06937874487544,19.930621255124567,-29.22579627877641,-15.980069158929396,0.0,35.47459252157239,1
296.0,133.6622248438212,115.40053558533256,127.71565538084936,127.39608755095,78.79367823188048,78.6116906041884,21.388309395811604,-2.1313086736740754,-0.7800684257668532,-2.9557031900675974,57.82505656222517,1
24.0,59.32652289065455,454.15434605403874,43.52353186172428,41.40480591497228,9.737638748738648,59.88520408163265,40.11479591836735,-35.86855787506087,-15.980069158929396,64.33308769344141,239.88082843459176,0
24.0,25.975623550704142,433.3056358381503,22.715937429154387,23.60213856092671,100.0,90.39017341040464,9.609826589595375,-35.86855787506087,-15.980069158929396,18.832502200058663,69.26617233444132,0
11.0,25.975623550704142,454.15434605403874,31.23144104803493,23.60213856092671,7.490553456323627,62.2398414271556,37.7601585728444,-35.86855787506087,-15.980069158929396,48.80650076180802,239.88082843459176,0
11.0,55.58894925442145,454.15434605403874,48.60313815537696,40.11511511511511,100.0,49.82324807652319,50.176751923476814,-35.86855787506087,-15.980069158929396,105.28273809523807,140.97283085013146,0
252.0,65.48356208107245,408.925960226165,47.04177960557062,54.87615685015781,100.0,48.11610450380191,51.88633261844414,1.8083447065704816,1.1698119156852542,20.51182492057889,20.140296812910552,0
281.0,71.79271262432007,332.2605008717705,51.25014653425553,59.41573118360581,84.7328244274809,53.79616420985893,46.20383579014107,2.100174354097321,1.576611415856546,31.621435932669183,45.98083501861687,0
259.0,60.98914320494855,400.7147167359064,58.73044876480047,50.82452580919128,100.0,51.96695058834451,48.03304941165549,-9.376378025854669,-5.455994165867625,33.17541840077924,41.91581688001736,0
261.0,63.93110878173771,392.5372896408809,46.58109684947491,54.12337462254268,71.57879778314623,46.66044223806162,53.34183499191584,3.7528750028465376,2.3271905669702746,20.70773263433814,21.38229368308774,0
267.0,76.28431359085978,295.9567784558334,59.51634396801756,64.23046238162961,100.0,51.71464060052924,48.283559251858655,-0.0090007380605209,-0.0066580555814479,32.25384838803369,51.142037607564006,0
270.0,72.46125375896368,323.68625299281723,60.92085093655363,59.90629183400268,85.38545853123858,50.8878691141261,49.1121308858739,0.2793296089385474,0.1883036530908699,33.499162879693856,44.224366451065634,0
268.0,72.04136580589892,321.93043404399907,45.913967263991886,60.39046309785173,46.499070018599625,51.78119425804808,48.218805741951925,0.5402191455024208,0.3807562441629349,25.106899500675883,31.018144213594056,0
668.0,100.13137979051884,-16.755125856324867,30.314273989467207,99.2850196304434,67.64374295377678,8.57823337697429,91.42176662302572,9.42456178538821,10.48951519556381,1.11152005888848,27.57718700136892,0
188.0,108.8065876049013,210.0162223622367,83.10375656032186,69.56852510555113,77.67821683876092,63.46854382572548,36.53145617427452,18.24291539024196,12.889129945352954,172.1634332745444,69.3882484194868,1
41.0,98.04060305883634,-35.36035885147429,147.23113530663014,86.0466227190217,100.0,78.6987175928496,21.2957308610448,1.6321545550435796,0.7613030193174167,-4.3809097521401,165.76866764275255,0
31.0,191.07974388824212,-35.36035885147429,147.23113530663014,169.6292468673298,100.0,85.09633691264945,14.903663087350544,-6.069606275226564,-2.2739593141031125,-0.5437187835872795,174.0342751273738,1
101.0,84.22809757148242,454.15434605403874,133.3924323685416,45.0856055802156,97.34206089457504,76.53539615564931,23.46460384435068,8.41111537314069,2.8119345140561105,-108.641592920354,122.75084021550047,0
107.0,74.86726072302507,454.15434605403874,133.8984001458237,32.590039392234104,84.83744772696615,82.10045943695846,17.899540563041537,-13.45317751534026,-3.0105226841469728,-130.8777299801456,135.09654210410395,1
159.0,177.07492971519375,272.4618610430401,114.88947144679042,97.80823536362026,95.90739892907618,93.37227763780072,6.627722362199289,-1.725744658820281,-1.6894888451498995,-209.51325547694145,132.1411804873885,0
162.0,134.9068205467789,300.03745646635343,137.83084343018467,78.85104500718788,94.86899768653488,91.11095528597808,8.889044714021924,-1.4795596381740412,-1.1145936047330611,-129.58149368820347,190.09922173785137,1
11.0,38.08733189440478,391.0146033129904,147.23113530663014,29.14126016260163,0.0,57.01830863121186,42.98169136878814,-35.86855787506087,-15.980069158929396,-84.69210754553339,6.72802665324417,0
11.0,44.16157161471384,298.2296867907399,75.61841783002694,33.257850241545896,0.0,48.9786654561961,51.02133454380391,-35.86855787506087,-14.303313233482465,87.6004016064257,239.88082843459176,0
541.0,120.56529209621992,12.429527284128298,83.0607887465461,116.9824532155212,100.0,81.0920776981288,18.9079223018712,5.291510496088016,5.7569907978076,19.38904129902869,64.33793346104227,1
93.0,30.028933746242004,-35.36035885147429,21.610944234034218,29.8816834244326,0.0,8.57823337697429,91.42176662302572,13.538334148820052,6.819345176028968,0.8787166649637274,48.720284697508895,0
128.0,39.48889895786135,27.08853497337985,21.610944234034218,39.28313861243329,0.0,8.57823337697429,91.42176662302572,20.2542684046264,13.057758314593444,0.732421875,53.16248636859324,0
91.0,31.672197203128704,-5.42207670720299,21.610944234034218,31.57677083948721,0.0,8.57823337697429,91.42176662302572,19.02712815715622,10.48583329896482,0.6312728304429549,42.73327332733273,0
96.0,33.35758183870563,-3.3760715897127227,21.610944234034218,33.209300002497315,0.0,8.57823337697429,91.42176662302572,19.27357497368025,11.089237425635478,0.2735735095573083,44.368999494694286,0
135.0,37.67915007496494,13.383749786068805,21.610944234034218,37.55382736679736,0.0,8.57823337697429,91.42176662302572,16.553996234810885,10.871031188536104,0.3614820765137062,52.07024740417895,0
125.0,37.07039258865517,0.493465525011274,21.610944234034218,36.93185256914604,0.0,8.57823337697429,91.42176662302572,14.6257527960998,9.204352085804157,0.8258222830446887,49.43598856524763,0
92.0,35.31396569828492,-6.352733616144008,21.610944234034218,35.09091667941958,37.5,8.57823337697429,91.42176662302572,17.769496094834082,10.65063447554774,1.155949618826649,50.120244862264975,0
56.0,212.83228612856453,75.3913364369252,63.225350453528094,172.09743133787336,100.0,93.17588282048372,6.824117179516294,-0.908368343363234,-2.5274464892188613,30.975719136395668,52.90522204468792,0
63.0,144.05016756144852,96.81418890004127,67.41905851033914,118.11472999301546,98.0067463968108,92.64178396084748,7.358216039152525,-3.53866623094699,-5.335773616781641,54.91685367397434,63.41332485038868,0
81.0,177.81434357664875,84.52916963263289,64.09343970613557,140.29473574517604,98.99280575539568,90.93126179938722,9.068738200612794,-0.0210454643929312,-0.0342121151137049,78.60834354520753,95.58504270903076,0
74.0,154.27980702963472,83.80917282485227,66.29558898877451,128.71117974159526,96.12443699591496,90.28921136935074,9.710788630649256,1.181861112174701,1.811477253831783,46.28460865158704,61.12619163031184,0
99.0,152.4733746465552,115.40888590222409,65.85482256947117,126.14273604590508,93.77748278436904,88.6432069887957,11.357439164652822,0.5899380984996317,0.8696397614920085,45.67589503111192,64.86744879439979,0
105.0,173.13872182289373,129.45075490135162,65.54217630025792,137.22987008960408,85.39946352495662,89.8629146591506,10.1370853408494,0.4580808052281084,0.7422525672237374,67.6998668319787,79.01706835920747,0
112.0,163.03026756015956,128.10825849452846,68.51711379785439,130.25117090999774,92.83718931308644,89.33389973494798,10.666100265052023,0.8017374967840752,1.279370626032328,54.37155782848151,65.60064059614662,0
539.0,142.75597465068336,29.961557489938144,93.40911547768528,141.79243136660094,38.103793439761816,91.17995106101328,8.820048938986723,4.077246045435704,5.601146221281325,9.87887963663891,94.4384177288753,1
94.0,101.32477516139866,151.72933853859757,81.41663350577,78.98533860833139,68.67188572998214,77.40866234531526,22.591337654684736,5.321891573364761,5.521589606419564,157.30192719486084,132.3026059898872,1
153.0,63.86314599815061,372.0700472988192,64.89236111111111,47.38663739212637,73.19034852546918,79.45558093889765,20.54441906110235,-13.800315325460922,-8.741999918470507,81.11957274255761,84.62598671845633,0
98.0,96.73158444430791,193.31438551921244,147.23113530663014,72.58938244853738,88.7834503700892,95.63671006668784,4.363289933312163,-23.699587170530325,-15.980069158929396,-64.04328578455485,239.88082843459176,0
150.0,105.4980595084088,226.04419185964244,86.65939341042986,76.65720638478642,72.27855651655234,87.03013724472952,12.969862755270482,-7.80314106494364,-7.385501294527275,226.39842983316976,115.49095130058566,0
